codigo_sii,actividad_sii,mcc,categoria
259300,"FABRICACIÓN DE ARTÍCULOS DE CUCHILLERÍA, HERRAMIENTAS DE MANO Y ARTÍCULOS DE FERRETERÍA",5072,ACCESORIOS Y EQUIPOS DE FERRETERÍA
466302,"VENTA AL POR MAYOR DE MATERIALES DE CONSTRUCCIÓN, ARTÍCULOS DE FERRETERÍA, GASFITERÍA Y CALEFACCIÓN",5072,ACCESORIOS Y EQUIPOS DE FERRETERÍA
454002,"VENTA DE PARTES, PIEZAS Y ACCESORIOS DE MOTOCICLETAS",5013,ACCESORIOS Y REPUESTOS DE VEHÍCULOS
910300,"ACTIVIDADES DE JARDINES BOTÁNICOS, ZOOLÓGICOS Y RESERVAS NATURALES",7998,"ACUARIOS, ACUARIOS MARINOS Y ZOOLÓGICOS"
511000,TRANSPORTE DE PASAJEROS POR VÍA AÉREA,4511,AEROLÍNEAS Y TRANSPORTISTAS AÉREOS
512000,TRANSPORTE DE CARGA POR VÍA AÉREA,4511,AEROLÍNEAS Y TRANSPORTISTAS AÉREOS
522300,ACTIVIDADES DE SERVICIOS VINCULADAS AL TRANSPORTE AÉREO,4582,"AEROPUERTOS, AERÓDROMOS Y TERMINALES AÉREOS"
801001,SERVICIOS DE SEGURIDAD PRIVADA PRESTADOS POR EMPRESAS,7393,"AGENCIAS DE DETECTIVES, SERVICIOS DE SEGURIDAD, INCLUIDOS VEHÍCULOS BLINDADOS"
801002,SERVICIO DE TRANSPORTE DE VALORES EN VEHÍCULOS BLINDADOS,7393,"AGENCIAS DE DETECTIVES, SERVICIOS DE SEGURIDAD, INCLUIDOS VEHÍCULOS BLINDADOS"
801003,SERVICIOS DE SEGURIDAD PRIVADA PRESTADOS POR INDEPENDIENTES,7393,"AGENCIAS DE DETECTIVES, SERVICIOS DE SEGURIDAD, INCLUIDOS VEHÍCULOS BLINDADOS"
802000,ACTIVIDADES DE SERVICIOS DE SISTEMAS DE SEGURIDAD (INCLUYE SERVICIOS DE CERRAJERÍA),7393,"AGENCIAS DE DETECTIVES, SERVICIOS DE SEGURIDAD, INCLUIDOS VEHÍCULOS BLINDADOS"
803000,ACTIVIDADES DE INVESTIGACIÓN (INCLUYE ACTIVIDADES DE INVESTIGADORES Y DETECTIVES PRIVADOS),7393,"AGENCIAS DE DETECTIVES, SERVICIOS DE SEGURIDAD, INCLUIDOS VEHÍCULOS BLINDADOS"
781000,ACTIVIDADES DE AGENCIAS DE EMPLEO,7361,AGENCIAS DE EMPLEO
782000,ACTIVIDADES DE AGENCIAS DE EMPLEO TEMPORAL (INCLUYE EMPRESAS DE SERVICIOS TRANSITORIOS),7361,AGENCIAS DE EMPLEO
783000,OTRAS ACTIVIDADES DE DOTACIÓN DE RECURSOS HUMANOS,7361,AGENCIAS DE EMPLEO
829120,ACTIVIDADES DE AGENCIAS DE CALIFICACIÓN CREDITICIA,7321,AGENCIAS DE INFORMES DE CRÉDITO AL CONSUMIDOR
791100,ACTIVIDADES DE AGENCIAS DE VIAJES,4722,AGENCIAS DE VIAJES Y OPERADORES TURÍSTICOS
791200,ACTIVIDADES DE OPERADORES TURÍSTICOS,4722,AGENCIAS DE VIAJES Y OPERADORES TURÍSTICOS
681020,SERVICIOS IMPUTADOS DE ALQUILER DE VIVIENDAS,6513,AGENTES DE BIENES RAÍCES
682000,ACTIVIDADES INMOBILIARIAS REALIZADAS A CAMBIO DE UNA RETRIBUCIÓN O POR CONTRATA,6513,AGENTES DE BIENES RAÍCES
949904,CONSEJO DE ADMINISTRACIÓN DE EDIFICIOS Y CONDOMINIOS,6513,AGENTES DE BIENES RAÍCES
551001,ACTIVIDADES DE HOTELES,7011,"ALOJAMIENTO: HOTELES, MOTELES, CENTROS TURÍSTICOS"
551002,ACTIVIDADES DE MOTELES,7011,"ALOJAMIENTO: HOTELES, MOTELES, CENTROS TURÍSTICOS"
551003,ACTIVIDADES DE RESIDENCIALES PARA TURISTAS,7011,"ALOJAMIENTO: HOTELES, MOTELES, CENTROS TURÍSTICOS"
551009,OTRAS ACTIVIDADES DE ALOJAMIENTO PARA TURISTAS N.C.P.,7011,"ALOJAMIENTO: HOTELES, MOTELES, CENTROS TURÍSTICOS"
559001,ACTIVIDADES DE RESIDENCIALES PARA ESTUDIANTES Y TRABAJADORES ,7011,"ALOJAMIENTO: HOTELES, MOTELES, CENTROS TURÍSTICOS"
559009,OTRAS ACTIVIDADES DE ALOJAMIENTO N.C.P.,7011,"ALOJAMIENTO: HOTELES, MOTELES, CENTROS TURÍSTICOS"
920010,ACTIVIDADES DE CASINOS DE JUEGOS,7995,"APUESTAS, CASINOS, LOTERÍA, CARRERAS DE CABALLO"
920090,OTRAS ACTIVIDADES DE JUEGOS DE AZAR Y APUESTAS N.C.P.,7995,"APUESTAS, CASINOS, LOTERÍA, CARRERAS DE CABALLO"
931101,HIPÓDROMOS,7995,"APUESTAS, CASINOS, LOTERÍA, CARRERAS DE CABALLO"
771000,ALQUILER DE VEHÍCULOS AUTOMOTORES SIN CHOFER,7512,ARRIENDO DE AUTOMÓVILES
773002,"ALQUILER DE MAQUINARIA Y EQUIPO AGROPECUARIO, FORESTAL, DE CONSTRUCCIÓN E ING. CIVIL, SIN OPERARIOS",7512,ARRIENDO DE AUTOMÓVILES
771000,ALQUILER DE VEHÍCULOS AUTOMOTORES SIN CHOFER,7513,ARRIENDO DE CAMIONES Y REMOLQUES
773001,"ALQUILER DE EQUIPOS DE TRANSPORTE SIN OPERARIO, EXCEPTO VEHÍCULOS AUTOMOTORES",7513,ARRIENDO DE CAMIONES Y REMOLQUES
773002,"ALQUILER DE MAQUINARIA Y EQUIPO AGROPECUARIO, FORESTAL, DE CONSTRUCCIÓN E ING. CIVIL, SIN OPERARIOS",7513,ARRIENDO DE CAMIONES Y REMOLQUES
773009,ALQUILER DE OTROS TIPOS DE MAQUINARIAS Y EQUIPOS SIN OPERARIO N.C.P.,7513,ARRIENDO DE CAMIONES Y REMOLQUES
771000,ALQUILER DE VEHÍCULOS AUTOMOTORES SIN CHOFER,7519,ARRIENDO DE CASAS RODANTES Y VEHÍCULOS RECREATIVOS
522920,AGENCIAS DE NAVES,4457,ARRIENDO DE EMBARCACIONES
773001,"ALQUILER DE EQUIPOS DE TRANSPORTE SIN OPERARIO, EXCEPTO VEHÍCULOS AUTOMOTORES",4457,ARRIENDO DE EMBARCACIONES
772900,ALQUILER DE OTROS EFECTOS PERSONALES Y ENSERES DOMÉSTICOS (INCLUYE MOBILIARIO PARA EVENTOS),7394,"ARRIENDO DE EQUIPOS, HERRAMIENTAS, MUEBLES Y ELECTRODOMÉSTICOS"
773003,"ALQUILER DE MAQUINARIA Y EQUIPO DE OFICINA, SIN OPERARIOS (SIN SERVICIO ADMINISTRATIVO)",7394,"ARRIENDO DE EQUIPOS, HERRAMIENTAS, MUEBLES Y ELECTRODOMÉSTICOS"
773009,ALQUILER DE OTROS TIPOS DE MAQUINARIAS Y EQUIPOS SIN OPERARIO N.C.P.,7394,"ARRIENDO DE EQUIPOS, HERRAMIENTAS, MUEBLES Y ELECTRODOMÉSTICOS"
772200,ALQUILER DE CINTAS DE VIDEO Y DISCOS,7841,ARRIENDO DE PELÍCULAS
772900,ALQUILER DE OTROS EFECTOS PERSONALES Y ENSERES DOMÉSTICOS (INCLUYE MOBILIARIO PARA EVENTOS),7296,"ARRIENDO DE ROPA: DISFRACES, UNIFORMES, ROPA FORMAL"
476103,VENTA AL POR MENOR DE ARTÍCULOS DE PAPELERÍA Y ESCRITORIO EN COMERCIOS ESPECIALIZADOS,5943,ARTÍCULOS DE ESCRITORIO Y ÚTILES ESCOLARES
949909,ACTIVIDADES DE OTRAS ASOCIACIONES N.C.P.,8641,"ASOCIACIONES CÍVICAS, SOCIALES Y FRATERNALES"
900002,"ACTIVIDADES ARTÍSTICAS REALIZADAS POR BANDAS DE MÚSICA, COMPAÑÍAS DE TEATRO, CIRCENSES Y SIMILARES",7929,"BANDAS, ORQUESTAS Y ARTISTAS DIVERSOS (NO CLASIFICADOS EN OTRA PARTE)"
900003,"ACTIVIDADES DE ARTISTAS REALIZADAS DE FORMA INDEPENDIENTE: ACTORES, MÚSICOS, ESCRITORES, ENTRE OTROS",7929,"BANDAS, ORQUESTAS Y ARTISTAS DIVERSOS (NO CLASIFICADOS EN OTRA PARTE)"
562100,SUMINISTRO DE COMIDAS POR ENCARGO (SERVICIOS DE BANQUETERÍA),5811,BANQUETERÍA
563001,"ACTIVIDADES DE DISCOTECAS Y CABARET (NIGHT CLUB), CON PREDOMINIO DEL SERVICIO DE BEBIDAS",5813,BARES Y DISCOTECAS
239600,"CORTE, TALLA Y ACABADO DE LA PIEDRA",5099,BIENES DURADEROS (NO CLASIFICADOS EN OTRA PARTE)
252000,FABRICACIÓN DE ARMAS Y MUNICIONES,5099,BIENES DURADEROS (NO CLASIFICADOS EN OTRA PARTE)
268000,FABRICACIÓN DE SOPORTES MAGNÉTICOS Y ÓPTICOS,5099,BIENES DURADEROS (NO CLASIFICADOS EN OTRA PARTE)
272000,"FABRICACIÓN DE PILAS, BATERÍAS Y ACUMULADORES",5099,BIENES DURADEROS (NO CLASIFICADOS EN OTRA PARTE)
273100,FABRICACIÓN DE CABLES DE FIBRA ÓPTICA,5099,BIENES DURADEROS (NO CLASIFICADOS EN OTRA PARTE)
275000,FABRICACIÓN DE APARATOS DE USO DOMÉSTICO,5099,BIENES DURADEROS (NO CLASIFICADOS EN OTRA PARTE)
281500,"FABRICACIÓN DE HORNOS, CALDERAS Y QUEMADORES",5099,BIENES DURADEROS (NO CLASIFICADOS EN OTRA PARTE)
281600,FABRICACIÓN DE EQUIPO DE ELEVACIÓN Y MANIPULACIÓN,5099,BIENES DURADEROS (NO CLASIFICADOS EN OTRA PARTE)
281800,FABRICACIÓN DE HERRAMIENTAS DE MANO MOTORIZADAS,5099,BIENES DURADEROS (NO CLASIFICADOS EN OTRA PARTE)
281900,FABRICACIÓN DE OTROS TIPOS DE MAQUINARIA DE USO GENERAL,5099,BIENES DURADEROS (NO CLASIFICADOS EN OTRA PARTE)
282100,FABRICACIÓN DE MAQUINARIA AGROPECUARIA Y FORESTAL,5099,BIENES DURADEROS (NO CLASIFICADOS EN OTRA PARTE)
282200,FABRICACIÓN DE MAQUINARIA PARA LA CONFORMACIÓN DE METALES Y DE MÁQUINAS HERRAMIENTA,5099,BIENES DURADEROS (NO CLASIFICADOS EN OTRA PARTE)
282300,FABRICACIÓN DE MAQUINARIA METALÚRGICA,5099,BIENES DURADEROS (NO CLASIFICADOS EN OTRA PARTE)
282400,FABRICACIÓN DE MAQUINARIA PARA LA EXPLOTACIÓN DE MINAS Y CANTERAS Y PARA OBRAS DE CONSTRUCCIÓN,5099,BIENES DURADEROS (NO CLASIFICADOS EN OTRA PARTE)
282500,"FABRICACIÓN DE MAQUINARIA PARA LA ELABORACIÓN DE ALIMENTOS, BEBIDAS Y TABACO",5099,BIENES DURADEROS (NO CLASIFICADOS EN OTRA PARTE)
282600,"FABRICACIÓN DE MAQUINARIA PARA LA ELABORACIÓN DE PRODUCTOS TEXTILES, PRENDAS DE VESTIR Y CUEROS",5099,BIENES DURADEROS (NO CLASIFICADOS EN OTRA PARTE)
282900,FABRICACIÓN DE OTROS TIPOS DE MAQUINARIA DE USO ESPECIAL,5099,BIENES DURADEROS (NO CLASIFICADOS EN OTRA PARTE)
291000,FABRICACIÓN DE VEHÍCULOS AUTOMOTORES,5099,BIENES DURADEROS (NO CLASIFICADOS EN OTRA PARTE)
292000,FABRICACIÓN DE CARROCERÍAS PARA VEHÍCULOS AUTOMOTORES; FABRICACIÓN DE REMOLQUES Y SEMIRREMOLQUES,5099,BIENES DURADEROS (NO CLASIFICADOS EN OTRA PARTE)
301100,"CONSTRUCCIÓN DE BUQUES, EMBARCACIONES MENORES Y ESTRUCTURAS FLOTANTES",5099,BIENES DURADEROS (NO CLASIFICADOS EN OTRA PARTE)
301200,CONSTRUCCIÓN DE EMBARCACIONES DE RECREO Y DE DEPORTE,5099,BIENES DURADEROS (NO CLASIFICADOS EN OTRA PARTE)
302000,FABRICACIÓN DE LOCOMOTORAS Y MATERIAL RODANTE,5099,BIENES DURADEROS (NO CLASIFICADOS EN OTRA PARTE)
303000,"FABRICACIÓN DE AERONAVES, NAVES ESPACIALES Y MAQUINARIA CONEXA",5099,BIENES DURADEROS (NO CLASIFICADOS EN OTRA PARTE)
304000,FABRICACIÓN DE VEHÍCULOS MILITARES DE COMBATE,5099,BIENES DURADEROS (NO CLASIFICADOS EN OTRA PARTE)
309100,FABRICACIÓN DE MOTOCICLETAS,5099,BIENES DURADEROS (NO CLASIFICADOS EN OTRA PARTE)
309200,FABRICACIÓN DE BICICLETAS Y DE SILLAS DE RUEDAS,5099,BIENES DURADEROS (NO CLASIFICADOS EN OTRA PARTE)
309900,FABRICACIÓN DE OTROS TIPOS DE EQUIPO DE TRANSPORTE N.C.P.,5099,BIENES DURADEROS (NO CLASIFICADOS EN OTRA PARTE)
310009,FABRICACIÓN DE COLCHONES; FABRICACIÓN DE OTROS MUEBLES N.C.P.,5099,BIENES DURADEROS (NO CLASIFICADOS EN OTRA PARTE)
322000,FABRICACIÓN DE INSTRUMENTOS MUSICALES,5099,BIENES DURADEROS (NO CLASIFICADOS EN OTRA PARTE)
323000,FABRICACIÓN DE ARTÍCULOS DE DEPORTE,5099,BIENES DURADEROS (NO CLASIFICADOS EN OTRA PARTE)
324000,FABRICACIÓN DE JUEGOS Y JUGUETES,5099,BIENES DURADEROS (NO CLASIFICADOS EN OTRA PARTE)
464100,"VENTA AL POR MAYOR DE PRODUCTOS TEXTILES, PRENDAS DE VESTIR Y CALZADO",5099,BIENES DURADEROS (NO CLASIFICADOS EN OTRA PARTE)
464903,"VENTA AL POR MAYOR DE ARTÍCULOS DE PERFUMERÍA, DE TOCADOR Y COSMÉTICOS",5099,BIENES DURADEROS (NO CLASIFICADOS EN OTRA PARTE)
464909,VENTA AL POR MAYOR DE OTROS ENSERES DOMÉSTICOS N.C.P.,5099,BIENES DURADEROS (NO CLASIFICADOS EN OTRA PARTE)
465909,VENTA AL POR MAYOR DE OTROS TIPOS DE MAQUINARIA Y EQUIPO N.C.P.,5099,BIENES DURADEROS (NO CLASIFICADOS EN OTRA PARTE)
469000,VENTA AL POR MAYOR NO ESPECIALIZADA,5099,BIENES DURADEROS (NO CLASIFICADOS EN OTRA PARTE)
353002,ELABORACIÓN DE HIELO (EXCEPTO FABRICACIÓN DE HIELO SECO),5199,BIENES NO DURADEROS (NO CLASIFICADOS EN OTRA PARTE)
463011,VENTA AL POR MAYOR DE FRUTAS Y VERDURAS,5199,BIENES NO DURADEROS (NO CLASIFICADOS EN OTRA PARTE)
463012,VENTA AL POR MAYOR DE CARNE Y PRODUCTOS CÁRNICOS,5199,BIENES NO DURADEROS (NO CLASIFICADOS EN OTRA PARTE)
463013,"VENTA AL POR MAYOR DE PRODUCTOS DEL MAR (PESCADOS, MARISCOS Y ALGAS)",5199,BIENES NO DURADEROS (NO CLASIFICADOS EN OTRA PARTE)
463014,VENTA AL POR MAYOR DE PRODUCTOS DE CONFITERÍA,5199,BIENES NO DURADEROS (NO CLASIFICADOS EN OTRA PARTE)
463019,"VENTA AL POR MAYOR DE HUEVOS, LÁCTEOS, ABARROTES Y DE OTROS ALIMENTOS N.C.P.",5199,BIENES NO DURADEROS (NO CLASIFICADOS EN OTRA PARTE)
463020,VENTA AL POR MAYOR DE BEBIDAS ALCOHÓLICAS Y NO ALCOHÓLICAS,5199,BIENES NO DURADEROS (NO CLASIFICADOS EN OTRA PARTE)
463030,VENTA AL POR MAYOR DE TABACO,5199,BIENES NO DURADEROS (NO CLASIFICADOS EN OTRA PARTE)
469000,VENTA AL POR MAYOR NO ESPECIALIZADA,5199,BIENES NO DURADEROS (NO CLASIFICADOS EN OTRA PARTE)
521001,EXPLOTACIÓN DE FRIGORÍFICOS PARA ALMACENAMIENTO Y DEPÓSITO,4225,"BODEGAS, ALMACENAJE Y DEPÓSITOS"
521009,OTROS SERVICIOS DE ALMACENAMIENTO Y DEPÓSITO N.C.P.,4225,"BODEGAS, ALMACENAJE Y DEPÓSITOS"
152000,FABRICACIÓN DE CALZADO,5139,CALZADO COMERCIAL
552000,ACTIVIDADES DE CAMPING Y DE PARQUES PARA CASAS RODANTES,7033,CAMPING Y PARQUES PARA REMOLQUES
559009,OTRAS ACTIVIDADES DE ALOJAMIENTO N.C.P.,7033,CAMPING Y PARQUES PARA REMOLQUES
931109,GESTIÓN DE OTRAS INSTALACIONES DEPORTIVAS N.C.P.,7992,CAMPOS DE GOLF PÚBLICOS
931209,ACTIVIDADES DE OTROS CLUBES DEPORTIVOS N.C.P.,7992,CAMPOS DE GOLF PÚBLICOS
931109,GESTIÓN DE OTRAS INSTALACIONES DEPORTIVAS N.C.P.,7032,CAMPOS DEPORTIVOS Y RECREATIVOS
649202,ACTIVIDADES DE CRÉDITO PRENDARIO,5933,CASAS DE EMPEÑO
466902,VENTA AL POR MAYOR DE DESECHOS METÁLICOS (CHATARRA),5935,CHATARRA Y DEMOLICIÓN
466909,"VENTA AL POR MAYOR DE DESPERDICIOS, DESECHOS Y OTROS PRODUCTOS N.C.P.",5935,CHATARRA Y DEMOLICIÓN
591400,ACTIVIDADES DE EXHIBICIÓN DE PELÍCULAS CINEMATOGRÁFICAS Y CINTAS DE VIDEO,7832,CINES
900001,"SERVICIOS DE PRODUCCIÓN DE OBRAS DE TEATRO, CONCIERTOS, ESPECTÁCULOS DE DANZA, OTRAS PROD. ESCÉNICAS",7832,CINES
931109,GESTIÓN DE OTRAS INSTALACIONES DEPORTIVAS N.C.P.,7997,"CLUBES DE MEMBRESÍA, CLUBES DE CAMPO Y CAMPOS DE GOLF PRIVADOS"
931201,ACTIVIDADES DE CLUBES DE FÚTBOL AMATEUR Y PROFESIONAL,7997,"CLUBES DE MEMBRESÍA, CLUBES DE CAMPO Y CAMPOS DE GOLF PRIVADOS"
931209,ACTIVIDADES DE OTROS CLUBES DEPORTIVOS N.C.P.,7997,"CLUBES DE MEMBRESÍA, CLUBES DE CAMPO Y CAMPOS DE GOLF PRIVADOS"
931901,PROMOCIÓN Y ORGANIZACIÓN DE COMPETENCIAS DEPORTIVAS,7997,"CLUBES DE MEMBRESÍA, CLUBES DE CAMPO Y CAMPOS DE GOLF PRIVADOS"
949902,ACTIVIDADES DE CLUBES SOCIALES,7997,"CLUBES DE MEMBRESÍA, CLUBES DE CAMPO Y CAMPOS DE GOLF PRIVADOS"
931201,ACTIVIDADES DE CLUBES DE FÚTBOL AMATEUR Y PROFESIONAL,7941,CLUBES Y CAMPOS DEPORTIVOS PROFESIONALES
931209,ACTIVIDADES DE OTROS CLUBES DEPORTIVOS N.C.P.,7941,CLUBES Y CAMPOS DEPORTIVOS PROFESIONALES
861010,ACTIVIDADES DE HOSPITALES Y CLÍNICAS PÚBLICAS,8062,CLÍNICAS Y HOSPITALES
861020,ACTIVIDADES DE HOSPITALES Y CLÍNICAS PRIVADAS,8062,CLÍNICAS Y HOSPITALES
862010,ACTIVIDADES DE CENTROS DE SALUD MUNICIPALIZADOS (SERVICIOS DE SALUD PÚBLICA),8062,CLÍNICAS Y HOSPITALES
862021,CENTROS MÉDICOS PRIVADOS (ESTABLECIMIENTOS DE ATENCIÓN AMBULATORIA),8062,CLÍNICAS Y HOSPITALES
862022,CENTROS DE ATENCIÓN ODONTOLÓGICA PRIVADOS (ESTABLECIMIENTOS DE ATENCIÓN AMBULATORIA),8062,CLÍNICAS Y HOSPITALES
492300,TRANSPORTE DE CARGA POR CARRETERA,4214,COMPAÑIAS DE MUDANZAS Y ALMACENAMIENTO
262000,FABRICACIÓN DE COMPUTADORES Y EQUIPO PERIFÉRICO,5045,"COMPUTADORES, PERIFÉRICOS Y SOFTWARE"
465100,"VENTA AL POR MAYOR DE COMPUTADORES, EQUIPO PERIFÉRICO Y PROGRAMAS INFORMÁTICOS",5045,"COMPUTADORES, PERIFÉRICOS Y SOFTWARE"
451002,VENTA AL POR MENOR DE VEHÍCULOS AUTOMOTORES NUEVOS O USADOS (INCLUYE COMPRAVENTA),5521,"CONCESIONARIOS DE AUTOMÓVILES Y CAMIONES (SOLO USADOS) VENTAS, SERVICIO, REPARACIONES, PIEZAS Y ARRENDAMIENTO"
101011,"EXPLOTACIÓN DE MATADEROS DE BOVINOS, OVINOS, EQUINOS, CAPRINOS, PORCINOS Y CAMÉLIDOS ",5422,CONGELADOS Y PROVEEDORES DE CARNE
101019,EXPLOTACIÓN DE MATADEROS DE AVES Y DE OTROS TIPOS DE ANIMALES N.C.P.,5422,CONGELADOS Y PROVEEDORES DE CARNE
101020,ELABORACIÓN Y CONSERVACIÓN DE CARNE Y PRODUCTOS CÁRNICOS,5422,CONGELADOS Y PROVEEDORES DE CARNE
102010,PRODUCCIÓN DE HARINA DE PESCADO,5422,CONGELADOS Y PROVEEDORES DE CARNE
102020,ELABORACIÓN Y CONSERVACIÓN DE SALMÓNIDOS,5422,CONGELADOS Y PROVEEDORES DE CARNE
102030,"ELABORACIÓN Y CONSERVACIÓN DE OTROS PESCADOS, EN PLANTAS EN TIERRA (EXCEPTO BARCOS FACTORÍA)",5422,CONGELADOS Y PROVEEDORES DE CARNE
102040,"ELABORACIÓN Y CONSERVACIÓN DE CRUSTÁCEOS, MOLUSCOS Y OTROS PRODUCTOS ACUÁTICOS, EN PLANTAS EN TIERRA",5422,CONGELADOS Y PROVEEDORES DE CARNE
102050,"ACTIVIDADES DE ELABORACIÓN Y CONSERVACIÓN DE PESCADO, REALIZADAS EN BARCOS FACTORÍA",5422,CONGELADOS Y PROVEEDORES DE CARNE
472102,VENTA AL POR MENOR EN COMERCIOS ESPECIALIZADOS DE CARNE Y PRODUCTOS CÁRNICOS ,5422,CONGELADOS Y PROVEEDORES DE CARNE
472104,"VENTA AL POR MENOR EN COMERCIOS ESPECIALIZADOS DE PESCADO, MARISCOS Y PRODUCTOS CONEXOS",5422,CONGELADOS Y PROVEEDORES DE CARNE
353001,SUMINISTRO DE VAPOR Y DE AIRE ACONDICIONADO,1711,"CONTRATISTAS DE CALEFACCIÓN, FONTANERÍA Y AIRE ACONDICIONADO"
432200,"INSTALACIONES DE GASFITERÍA, CALEFACCIÓN Y AIRE ACONDICIONADO",1711,"CONTRATISTAS DE CALEFACCIÓN, FONTANERÍA Y AIRE ACONDICIONADO"
332000,INSTALACIÓN DE MAQUINARIA Y EQUIPOS INDUSTRIALES,1731,CONTRATISTAS ELÉCTRICOS
432100,INSTALACIONES ELÉCTRICAS,1731,CONTRATISTAS ELÉCTRICOS
432900,OTRAS INSTALACIONES PARA OBRAS DE CONSTRUCCIÓN,1740,"CONTRATISTAS EN ALBAÑILERÍA, MAMPOSTERÍA, COLOCACIÓN DE PISOS, YESO Y AISLAMIENTOS"
310001,FABRICACIÓN DE MUEBLES PRINCIPALMENTE DE MADERA,1750,CONTRATISTAS EN CARPINTERÍA
421000,CONSTRUCCIÓN DE CARRETERAS Y LÍNEAS DE FERROCARRIL,1771,CONTRATISTAS EN CONSTRUCCIÓN
429000,CONSTRUCCIÓN DE OTRAS OBRAS DE INGENIERÍA CIVIL,1771,CONTRATISTAS EN CONSTRUCCIÓN
410010,CONSTRUCCIÓN DE EDIFICIOS PARA USO RESIDENCIAL,1520,CONTRATISTAS EN GENERAL - RESIDENCIALES Y COMERCIALES
410020,CONSTRUCCIÓN DE EDIFICIOS PARA USO NO RESIDENCIAL,1520,CONTRATISTAS EN GENERAL - RESIDENCIALES Y COMERCIALES
422000,CONSTRUCCIÓN DE PROYECTOS DE SERVICIO PÚBLICO,1520,CONTRATISTAS EN GENERAL - RESIDENCIALES Y COMERCIALES
433000,TERMINACIÓN Y ACABADO DE EDIFICIOS,1520,CONTRATISTAS EN GENERAL - RESIDENCIALES Y COMERCIALES
432900,OTRAS INSTALACIONES PARA OBRAS DE CONSTRUCCIÓN,1761,"CONTRATISTAS EN TECHOS, REVESTIMIENTOS Y CHAPAS"
11101,CULTIVO DE TRIGO,763,COOPERATIVAS AGRÍCOLAS
11102,CULTIVO DE MAÍZ,763,COOPERATIVAS AGRÍCOLAS
11103,CULTIVO DE AVENA,763,COOPERATIVAS AGRÍCOLAS
11104,CULTIVO DE CEBADA,763,COOPERATIVAS AGRÍCOLAS
11105,"CULTIVO DE OTROS CEREALES (EXCEPTO TRIGO, MAÍZ, AVENA Y CEBADA)",763,COOPERATIVAS AGRÍCOLAS
11106,CULTIVO DE POROTOS,763,COOPERATIVAS AGRÍCOLAS
11107,CULTIVO DE LUPINO,763,COOPERATIVAS AGRÍCOLAS
11108,CULTIVO DE OTRAS LEGUMBRES (EXCEPTO POROTOS Y LUPINO),763,COOPERATIVAS AGRÍCOLAS
11109,CULTIVO DE SEMILLAS DE RAPS,763,COOPERATIVAS AGRÍCOLAS
11110,CULTIVO DE SEMILLAS DE MARAVILLA (GIRASOL),763,COOPERATIVAS AGRÍCOLAS
11111,"CULTIVO DE SEMILLAS DE CEREALES, LEGUMBRES Y OLEAGINOSAS (EXCEPTO SEMILLAS DE RAPS Y MARAVILLA)",763,COOPERATIVAS AGRÍCOLAS
11200,CULTIVO DE ARROZ,763,COOPERATIVAS AGRÍCOLAS
11301,CULTIVO DE PAPAS,763,COOPERATIVAS AGRÍCOLAS
11302,CULTIVO DE CAMOTES,763,COOPERATIVAS AGRÍCOLAS
11303,CULTIVO DE OTROS TUBÉRCULOS (EXCEPTO PAPAS Y CAMOTES),763,COOPERATIVAS AGRÍCOLAS
11304,CULTIVO DE REMOLACHA AZUCARERA,763,COOPERATIVAS AGRÍCOLAS
11305,CULTIVO DE SEMILLAS DE HORTALIZAS,763,COOPERATIVAS AGRÍCOLAS
11306,CULTIVO DE HORTALIZAS Y MELONES ,763,COOPERATIVAS AGRÍCOLAS
11400,CULTIVO DE CAÑA DE AZÚCAR,763,COOPERATIVAS AGRÍCOLAS
11500,CULTIVO DE TABACO,763,COOPERATIVAS AGRÍCOLAS
11600,CULTIVO DE PLANTAS DE FIBRA,763,COOPERATIVAS AGRÍCOLAS
11901,CULTIVO DE FLORES,763,COOPERATIVAS AGRÍCOLAS
11902,CULTIVOS FORRAJEROS EN PRADERAS MEJORADAS O SEMBRADAS; CULTIVOS SUPLEMENTARIOS FORRAJEROS,763,COOPERATIVAS AGRÍCOLAS
11903,CULTIVOS DE SEMILLAS DE FLORES; CULTIVO DE SEMILLAS DE PLANTAS FORRAJERAS,763,COOPERATIVAS AGRÍCOLAS
12111,CULTIVO DE UVA DESTINADA A LA PRODUCCIÓN DE PISCO Y AGUARDIENTE,763,COOPERATIVAS AGRÍCOLAS
12112,CULTIVO DE UVA DESTINADA A LA PRODUCCIÓN DE VINO,763,COOPERATIVAS AGRÍCOLAS
12120,CULTIVO DE UVA PARA MESA,763,COOPERATIVAS AGRÍCOLAS
12200,CULTIVO DE FRUTAS TROPICALES Y SUBTROPICALES (INCLUYE EL CULTIVO DE PALTAS),763,COOPERATIVAS AGRÍCOLAS
12300,CULTIVO DE CÍTRICOS,763,COOPERATIVAS AGRÍCOLAS
12400,CULTIVO DE FRUTAS DE PEPITA Y DE HUESO,763,COOPERATIVAS AGRÍCOLAS
12501,CULTIVO DE SEMILLAS DE FRUTAS,763,COOPERATIVAS AGRÍCOLAS
12502,CULTIVO DE OTROS FRUTOS Y NUECES DE ÁRBOLES Y ARBUSTOS,763,COOPERATIVAS AGRÍCOLAS
12600,CULTIVO DE FRUTOS OLEAGINOSOS (INCLUYE EL CULTIVO DE ACEITUNAS),763,COOPERATIVAS AGRÍCOLAS
12700,"CULTIVO DE PLANTAS CON LAS QUE SE PREPARAN BEBIDAS (INCLUYE EL CULTIVO DE CAFÉ, TÉ Y MATE)",763,COOPERATIVAS AGRÍCOLAS
12801,CULTIVO DE ESPECIAS,763,COOPERATIVAS AGRÍCOLAS
12802,"CULTIVO DE PLANTAS AROMÁTICAS, MEDICINALES Y FARMACÉUTICAS",763,COOPERATIVAS AGRÍCOLAS
12900,CULTIVO DE OTRAS PLANTAS PERENNES,763,COOPERATIVAS AGRÍCOLAS
661202,CORREDORES DE BOLSA,6211,CORREDORAS DE BOLSA
661203,AGENTES DE VALORES,6211,CORREDORAS DE BOLSA
662900,OTRAS ACTIVIDADES AUXILIARES DE LAS ACTIVIDADES DE SEGUROS Y FONDOS DE PENSIONES,6211,CORREDORAS DE BOLSA
663010,ADMINISTRADORAS DE FONDOS DE PENSIONES (AFP),6211,CORREDORAS DE BOLSA
663091,ADMINISTRADORAS DE FONDOS DE INVERSIÓN,6211,CORREDORAS DE BOLSA
663092,ADMINISTRADORAS DE FONDOS MUTUOS,6211,CORREDORAS DE BOLSA
663093,ADMINISTRADORAS DE FICES (FONDOS DE INVERSIÓN DE CAPITAL EXTRANJERO),6211,CORREDORAS DE BOLSA
663094,ADMINISTRADORAS DE FONDOS PARA LA VIVIENDA,6211,CORREDORAS DE BOLSA
663099,ADMINISTRADORAS DE FONDOS PARA OTROS FINES N.C.P.,6211,CORREDORAS DE BOLSA
843020,INSTITUTO DE PREVISIÓN SOCIAL (IPS),6211,CORREDORAS DE BOLSA
231001,FABRICACIÓN DE VIDRIO PLANO,5950,CRISTALERÍAS
231009,FABRICACIÓN DE PRODUCTOS DE VIDRIO N.C.P.,5950,CRISTALERÍAS
501100,TRANSPORTE DE PASAJEROS MARÍTIMO Y DE CABOTAJE,4411,CRUCEROS
502100,TRANSPORTE DE PASAJEROS POR VÍAS DE NAVEGACIÓN INTERIORES,4411,CRUCEROS
862032,SERVICIOS DE ODONTÓLOGOS PRESTADOS DE FORMA INDEPENDIENTE,8021,DENTISTAS Y ORTODONCISTAS
451002,VENTA AL POR MENOR DE VEHÍCULOS AUTOMOTORES NUEVOS O USADOS (INCLUYE COMPRAVENTA),5592,DISTRIBUIDORES DE CASAS RODANTES
522920,AGENCIAS DE NAVES,5551,DISTRIBUIDORES DE EMBARCACIONES
451002,VENTA AL POR MENOR DE VEHÍCULOS AUTOMOTORES NUEVOS O USADOS (INCLUYE COMPRAVENTA),5599,DISTRIBUIDORES DE VEHÍCULOS MOTORIZADOS (NO CLASIFICADOS EN OTRA PARTE)
451002,VENTA AL POR MENOR DE VEHÍCULOS AUTOMOTORES NUEVOS O USADOS (INCLUYE COMPRAVENTA),5598,DISTRIBUIDORES DE VEHÍCULOS PARA LA NIEVE
477399,VENTA AL POR MENOR DE OTROS PRODUCTOS EN COMERCIOS ESPECIALIZADOS N.C.P.,5971,DISTRIBUIDORES Y GALERÍAS DE ARTE
454001,VENTA DE MOTOCICLETAS,5571,DISTRIBUIDORES Y TIENDAS DE MOTOS
454003,MANTENIMIENTO Y REPARACIÓN DE MOTOCICLETAS,5571,DISTRIBUIDORES Y TIENDAS DE MOTOS
749009,"OTRAS ACTIVIDADES PROFESIONALES, CIENTÍFICAS Y TÉCNICAS N.C.P.",8011,DOCTORES Y MÉDICOS (NO CLASIFICADOS EN OTRA PARTE)
862031,SERVICIOS DE MÉDICOS PRESTADOS DE FORMA INDEPENDIENTE,8011,DOCTORES Y MÉDICOS (NO CLASIFICADOS EN OTRA PARTE)
265100,"FABRICACIÓN DE EQUIPO DE MEDICIÓN, PRUEBA, NAVEGACIÓN Y CONTROL",5046,EQUIPAMIENTO COMERCIAL (NO CLASIFICADO EN OTRA PARTE)
267000,FABRICACIÓN DE INSTRUMENTOS ÓPTICOS Y EQUIPO FOTOGRÁFICO,5046,EQUIPAMIENTO COMERCIAL (NO CLASIFICADO EN OTRA PARTE)
274000,FABRICACIÓN DE EQUIPO ELÉCTRICO DE ILUMINACIÓN,5046,EQUIPAMIENTO COMERCIAL (NO CLASIFICADO EN OTRA PARTE)
465905,"VENTA AL POR MAYOR DE EQUIPO DE TRANSPORTE(EXCEPTO VEHÍCULOS AUTOMOTORES, MOTOCICLETAS Y BICICLETAS)",5046,EQUIPAMIENTO COMERCIAL (NO CLASIFICADO EN OTRA PARTE)
261000,FABRICACIÓN DE COMPONENTES Y TABLEROS ELECTRÓNICOS,5065,EQUIPOS Y REPUESTOS ELÉCTRICOS
263000,FABRICACIÓN DE EQUIPO DE COMUNICACIONES,5065,EQUIPOS Y REPUESTOS ELÉCTRICOS
264000,FABRICACIÓN DE APARATOS ELECTRÓNICOS DE CONSUMO,5065,EQUIPOS Y REPUESTOS ELÉCTRICOS
279000,FABRICACIÓN DE OTROS TIPOS DE EQUIPO ELÉCTRICO,5065,EQUIPOS Y REPUESTOS ELÉCTRICOS
464902,VENTA AL POR MAYOR DE ARTÍCULOS ELÉCTRICOS Y ELECTRÓNICOS PARA EL HOGAR,5065,EQUIPOS Y REPUESTOS ELÉCTRICOS
465200,"VENTA AL POR MAYOR DE EQUIPO, PARTES Y PIEZAS ELECTRÓNICOS Y DE TELECOMUNICACIONES",5065,EQUIPOS Y REPUESTOS ELÉCTRICOS
466302,"VENTA AL POR MAYOR DE MATERIALES DE CONSTRUCCIÓN, ARTÍCULOS DE FERRETERÍA, GASFITERÍA Y CALEFACCIÓN",5074,EQUIPOS Y SUMINISTROS DE FONTANERÍA Y CALEFACCIÓN
266000,FABRICACIÓN DE EQUIPO DE IRRADIACIÓN Y EQUIPO ELECTRÓNICO DE USO MÉDICO Y TERAPÉUTICO,5047,"EQUIPOS Y SUMINISTROS MÉDICOS, DENTALES Y HOSPITALARIOS"
325001,ACTIVIDADES DE LABORATORIOS DENTALES,5047,"EQUIPOS Y SUMINISTROS MÉDICOS, DENTALES Y HOSPITALARIOS"
325009,"FABRICACIÓN DE INSTRUMENTOS Y MATERIALES MÉDICOS, OFTALMOLÓGICOS Y ODONTOLÓGICOS N.C.P.",5047,"EQUIPOS Y SUMINISTROS MÉDICOS, DENTALES Y HOSPITALARIOS"
464908,VENTA AL POR MAYOR DE INSTRUMENTOS CIENTÍFICOS Y QUIRÚRGICOS,5047,"EQUIPOS Y SUMINISTROS MÉDICOS, DENTALES Y HOSPITALARIOS"
281700,FABRICACIÓN DE MAQUINARIA Y EQUIPO DE OFICINA (EXCEPTO COMPUTADORES Y EQUIPO PERIFÉRICO),5044,EQUIPOS Y SUMINISTROS PARA OFICINA
465904,VENTA AL POR MAYOR DE MAQUINARIA Y EQUIPO DE OFICINA; VENTA AL POR MAYOR DE MUEBLES DE OFICINA,5044,EQUIPOS Y SUMINISTROS PARA OFICINA
854909,OTROS TIPOS DE ENSEÑANZA N.C.P.,8244,ESCUELAS DE NEGOCIOS Y SECRETARIADO
854909,OTROS TIPOS DE ENSEÑANZA N.C.P.,8241,ESCUELAS POR CORRESPONDENCIA
850012,"ENSEÑANZA PRIMARIA, SECUNDARIA CIENTÍFICO HUMANISTA Y TÉCNICO PROFESIONAL PÚBLICA",8211,ESCUELAS PRIMARIAS Y SECUNDARIAS
850022,"ENSEÑANZA PRIMARIA, SECUNDARIA CIENTÍFICO HUMANISTA Y TÉCNICO PROFESIONAL PRIVADA",8211,ESCUELAS PRIMARIAS Y SECUNDARIAS
854909,OTROS TIPOS DE ENSEÑANZA N.C.P.,8249,ESCUELAS VOCACIONALES Y COMERCIALES
854100,ENSEÑANZA DEPORTIVA Y RECREATIVA,8299,ESCUELAS Y SERVICIOS EDUCATIVOS (NO CLASIFICADOS EN OTRA PARTE)
854200,ENSEÑANZA CULTURAL,8299,ESCUELAS Y SERVICIOS EDUCATIVOS (NO CLASIFICADOS EN OTRA PARTE)
854901,ENSEÑANZA PREUNIVERSITARIA,8299,ESCUELAS Y SERVICIOS EDUCATIVOS (NO CLASIFICADOS EN OTRA PARTE)
854902,SERVICIOS PERSONALES DE EDUCACIÓN,8299,ESCUELAS Y SERVICIOS EDUCATIVOS (NO CLASIFICADOS EN OTRA PARTE)
855000,ACTIVIDADES DE APOYO A LA ENSEÑANZA,8299,ESCUELAS Y SERVICIOS EDUCATIVOS (NO CLASIFICADOS EN OTRA PARTE)
932901,GESTIÓN DE SALAS DE POOL; GESTIÓN (EXPLOTACIÓN) DE JUEGOS ELECTRÓNICOS,7994,ESTABLECIMIENTOS DE VIDEJUEGOS
522120,EXPLOTACIÓN DE ESTACIONAMIENTOS DE VEHÍCULOS AUTOMOTORES Y PARQUÍMETROS,7523,ESTACIONAMIENTOS Y PARQUÍMETROS
466100,"VENTA AL POR MAYOR DE COMBUSTIBLES SÓLIDOS, LÍQUIDOS Y GASEOSOS Y PRODUCTOS CONEXOS",5541,ESTACIONES DE SERVICIO (CON O SIN SERVICIOS AUXILIARES)
473000,VENTA AL POR MENOR DE COMBUSTIBLES PARA VEHÍCULOS AUTOMOTORES EN COMERCIOS ESPECIALIZADOS,5541,ESTACIONES DE SERVICIO (CON O SIN SERVICIOS AUXILIARES)
742002,SERVICIOS Y ACTIVIDADES DE FOTOGRAFÍA ,7221,ESTUDIOS FOTOGRÁFICOS
742003,SERVICIOS PERSONALES DE FOTOGRAFÍA ,7221,ESTUDIOS FOTOGRÁFICOS
910100,ACTIVIDADES DE BIBLIOTECAS Y ARCHIVOS,7991,EXHIBICIONES Y ATRACCIONES TURISTICAS
910200,"ACTIVIDADES DE MUSEOS, GESTIÓN DE LUGARES Y EDIFICIOS HISTÓRICOS",7991,EXHIBICIONES Y ATRACCIONES TURISTICAS
241000,INDUSTRIAS BÁSICAS DE HIERRO Y ACERO,5051,FABRICACIÓN DE PRODUCTOS METÁLICOS
242001,FABRICACIÓN DE PRODUCTOS PRIMARIOS DE COBRE,5051,FABRICACIÓN DE PRODUCTOS METÁLICOS
242002,FABRICACIÓN DE PRODUCTOS PRIMARIOS DE ALUMINIO,5051,FABRICACIÓN DE PRODUCTOS METÁLICOS
242009,FABRICACIÓN DE PRODUCTOS PRIMARIOS DE METALES PRECIOSOS Y DE OTROS METALES NO FERROSOS N.C.P.,5051,FABRICACIÓN DE PRODUCTOS METÁLICOS
251100,FABRICACIÓN DE PRODUCTOS METÁLICOS PARA USO ESTRUCTURAL,5051,FABRICACIÓN DE PRODUCTOS METÁLICOS
251201,FABRICACIÓN DE RECIPIENTES DE METAL PARA GASES COMPRIMIDOS O LICUADOS,5051,FABRICACIÓN DE PRODUCTOS METÁLICOS
251209,"FABRICACIÓN DE TANQUES, DEPÓSITOS Y RECIPIENTES DE METAL N.C.P.",5051,FABRICACIÓN DE PRODUCTOS METÁLICOS
259100,"FORJA, PRENSADO, ESTAMPADO Y LAMINADO DE METALES; PULVIMETALURGIA",5051,FABRICACIÓN DE PRODUCTOS METÁLICOS
259900,FABRICACIÓN DE OTROS PRODUCTOS ELABORADOS DE METAL N.C.P.,5051,FABRICACIÓN DE PRODUCTOS METÁLICOS
466200,VENTA AL POR MAYOR DE METALES Y MINERALES METALÍFEROS,5051,FABRICACIÓN DE PRODUCTOS METÁLICOS
464907,VENTA AL POR MAYOR DE PRODUCTOS FARMACÉUTICOS Y MEDICINALES ,5912,FARMACIAS
477201,VENTA AL POR MENOR DE PRODUCTOS FARMACÉUTICOS Y MEDICINALES EN COMERCIOS ESPECIALIZADOS,5912,FARMACIAS
475201,VENTA AL POR MENOR DE ARTÍCULOS DE FERRETERÍA Y MATERIALES DE CONSTRUCCIÓN ,5251,FERRETERÍAS
491200,TRANSPORTE DE CARGA POR FERROCARRIL,4011,FERROCARRILES
491100,TRANSPORTE INTERURBANO DE PASAJEROS POR FERROCARRIL,4112,FERROCARRILES DE PASAJEROS
492110,TRANSPORTE URBANO Y SUBURBANO DE PASAJEROS VÍA METRO Y METROTREN,4112,FERROCARRILES DE PASAJEROS
477397,"VENTA AL POR MENOR DE FLORES, PLANTAS, ARBOLES, SEMILLAS Y ABONOS EN COMERCIOS ESPECIALIZADOS",5992,FLORERIAS
731001,SERVICIOS DE PUBLICIDAD PRESTADOS POR EMPRESAS,7333,"FOTOGRAFÍA COMERCIAL, ARTE Y GRÁFICOS"
731002,SERVICIOS DE PUBLICIDAD PRESTADOS POR PROFESIONALES,7333,"FOTOGRAFÍA COMERCIAL, ARTE Y GRÁFICOS"
742002,SERVICIOS Y ACTIVIDADES DE FOTOGRAFÍA ,7333,"FOTOGRAFÍA COMERCIAL, ARTE Y GRÁFICOS"
742003,SERVICIOS PERSONALES DE FOTOGRAFÍA ,7333,"FOTOGRAFÍA COMERCIAL, ARTE Y GRÁFICOS"
471910,VENTA AL POR MENOR EN COMERCIOS DE VESTUARIO Y PRODUCTOS PARA EL HOGAR (GRANDES TIENDAS),5311,GRANDES TIENDAS
641910,ACTIVIDADES BANCARIAS,6012,INSTITUCIONES FINANCIERAS: SERVICIOS Y PAGO DE DEUDAS
641990,OTROS TIPOS DE INTERMEDIACIÓN MONETARIA N.C.P.,6012,INSTITUCIONES FINANCIERAS: SERVICIOS Y PAGO DE DEUDAS
649201,FINANCIERAS,6012,INSTITUCIONES FINANCIERAS: SERVICIOS Y PAGO DE DEUDAS
649900,"OTRAS ACTIVIDADES DE SERVICIOS FINANCIEROS, EXCEPTO LAS DE SEGUROS Y FONDOS DE PENSIONES N.C.P.",6012,INSTITUCIONES FINANCIERAS: SERVICIOS Y PAGO DE DEUDAS
661902,ADMINISTRACIÓN DE TARJETAS DE CRÉDITO,6012,INSTITUCIONES FINANCIERAS: SERVICIOS Y PAGO DE DEUDAS
829110,ACTIVIDADES DE AGENCIAS DE COBRO,6012,INSTITUCIONES FINANCIERAS: SERVICIOS Y PAGO DE DEUDAS
477394,"VENTA AL POR MENOR DE ARTÍCULOS DE JOYERÍA, BISUTERÍA Y RELOJERÍA EN COMERCIOS ESPECIALIZADOS",5944,JOYERÍAS Y RELOJERÍAS
712009,OTROS SERVICIOS DE ENSAYOS Y ANÁLISIS TÉCNICOS (EXCEPTO ACTIVIDADES DE PLANTAS DE REVISIÓN TÉCNICA),8734,LABORATORIOS DE PRUEBAS (PRUEBAS NO MÉDICAS)
742001,"SERVICIOS DE REVELADO, IMPRESIÓN Y AMPLIACIÓN DE FOTOGRAFÍAS",7395,LABORATORIOS DE REVELADO FOTOGRÁFICO
210000,"FABRICACIÓN DE PRODUCTOS FARMACÉUTICOS, SUSTANCIAS QUÍMICAS MEDICINALES Y PRODUCTOS BOTÁNICOS",5122,LABORATORIOS FARMACÉUTICOS
869010,ACTIVIDADES DE LABORATORIOS CLÍNICOS Y BANCOS DE SANGRE,8071,LABORATORIOS MÉDICOS Y DENTALES
452001,SERVICIO DE LAVADO DE VEHÍCULOS AUTOMOTORES,7542,LAVADO DE AUTOS
960100,"LAVADO Y LIMPIEZA, INCLUIDA LA LIMPIEZA EN SECO, DE PRODUCTOS TEXTILES Y DE PIEL",7210,LAVANDERÍAS
960100,"LAVADO Y LIMPIEZA, INCLUIDA LA LIMPIEZA EN SECO, DE PRODUCTOS TEXTILES Y DE PIEL",7211,LAVANDERÍAS DE AUTOSERVICIO
476101,VENTA AL POR MENOR DE LIBROS EN COMERCIOS ESPECIALIZADOS,5942,LIBRERIAS
464905,VENTA AL POR MAYOR DE LIBROS,5192,"LIBROS, PERIÓDICOS Y REVISTAS"
464906,VENTA AL POR MAYOR DE DIARIOS Y REVISTAS,5192,"LIBROS, PERIÓDICOS Y REVISTAS"
812909,OTRAS ACTIVIDADES DE LIMPIEZA DE EDIFICIOS E INSTALACIONES INDUSTRIALES N.C.P.,7217,LIMPIEZA DE ALFOMBRAS Y TAPICERÍA
202300,"FABRICACIÓN DE JABONES Y DETERGENTES, PREPARADOS PARA LIMPIAR, PERFUMES Y PREPARADOS DE TOCADOR",2842,"LIMPIEZA ESPECIALIZADA, PULIDO Y SANEAMIENTO"
492120,TRANSPORTE URBANO Y SUBURBANO DE PASAJEROS VÍA LOCOMOCIÓN COLECTIVA,4131,LÍNEAS DE BUSES
492250,TRANSPORTE DE PASAJEROS EN BUSES INTERURBANOS ,4131,LÍNEAS DE BUSES
620900,OTRAS ACTIVIDADES DE TECNOLOGÍA DE LA INFORMACIÓN Y DE SERVICIOS INFORMÁTICOS,7379,"MANTENIMIENTO, REPARACIÓN Y SERVICIOS INFORMÁTICOS (NO CLASIFICADOS EN OTRA PARTE)"
639900,OTRAS ACTIVIDADES DE SERVICIOS DE INFORMACIÓN N.C.P.,7379,"MANTENIMIENTO, REPARACIÓN Y SERVICIOS INFORMÁTICOS (NO CLASIFICADOS EN OTRA PARTE)"
951100,REPARACIÓN DE COMPUTADORES Y EQUIPO PERIFÉRICO,7379,"MANTENIMIENTO, REPARACIÓN Y SERVICIOS INFORMÁTICOS (NO CLASIFICADOS EN OTRA PARTE)"
475201,VENTA AL POR MENOR DE ARTÍCULOS DE FERRETERÍA Y MATERIALES DE CONSTRUCCIÓN ,5211,MATERIALES DE CONSTRUCCIÓN
231003,FABRICACIÓN DE FIBRAS DE VIDRIO,5039,MATERIALES DE CONSTRUCCIÓN (NO CLASIFICADOS EN OTRA PARTE)
239200,FABRICACIÓN DE MATERIALES DE CONSTRUCCIÓN DE ARCILLA,5039,MATERIALES DE CONSTRUCCIÓN (NO CLASIFICADOS EN OTRA PARTE)
239400,"FABRICACIÓN DE CEMENTO, CAL Y YESO",5039,MATERIALES DE CONSTRUCCIÓN (NO CLASIFICADOS EN OTRA PARTE)
239500,"FABRICACIÓN DE ARTÍCULOS DE HORMIGÓN, CEMENTO Y YESO",5039,MATERIALES DE CONSTRUCCIÓN (NO CLASIFICADOS EN OTRA PARTE)
466302,"VENTA AL POR MAYOR DE MATERIALES DE CONSTRUCCIÓN, ARTÍCULOS DE FERRETERÍA, GASFITERÍA Y CALEFACCIÓN",5039,MATERIALES DE CONSTRUCCIÓN (NO CLASIFICADOS EN OTRA PARTE)
265200,FABRICACIÓN DE RELOJES,5094,"METALES Y PIEDRAS PRECIOSAS, RELOJERIA Y JOYERIA"
321100,FABRICACIÓN DE JOYAS Y ARTÍCULOS CONEXOS,5094,"METALES Y PIEDRAS PRECIOSAS, RELOJERIA Y JOYERIA"
321200,FABRICACIÓN DE BISUTERÍA Y ARTÍCULOS CONEXOS,5094,"METALES Y PIEDRAS PRECIOSAS, RELOJERIA Y JOYERIA"
464901,"VENTA AL POR MAYOR DE MUEBLES, EXCEPTO MUEBLES DE OFICINA",5021,MUEBLES PARA OFICINAS Y COMERCIOS
465904,VENTA AL POR MAYOR DE MAQUINARIA Y EQUIPO DE OFICINA; VENTA AL POR MAYOR DE MUEBLES DE OFICINA,5021,MUEBLES PARA OFICINAS Y COMERCIOS
522200,ACTIVIDADES DE SERVICIOS VINCULADAS AL TRANSPORTE ACUÁTICO,4468,"MUELLES DEPORTIVOS, SERVICIOS Y SUMINISTROS"
862031,SERVICIOS DE MÉDICOS PRESTADOS DE FORMA INDEPENDIENTE,8042,OPTOMETRISTAS Y OFTALMÓLOGOS
942000,ACTIVIDADES DE SINDICATOS,8699,ORGANIZACIONES DE MEMBRESÍA (NO CLASIFICADAS EN OTRO LUGAR)
881000,ACTIVIDADES DE ASISTENCIA SOCIAL SIN ALOJAMIENTO PARA PERSONAS DE EDAD Y PERSONAS CON DISCAPACIDAD,8398,ORGANIZACIONES DE SERVICIO SOCIAL CARITATIVO
889000,OTRAS ACTIVIDADES DE ASISTENCIA SOCIAL SIN ALOJAMIENTO,8398,ORGANIZACIONES DE SERVICIO SOCIAL CARITATIVO
949903,FUNDACIONES Y CORPORACIONES; ASOCIACIONES QUE PROMUEVEN ACTIVIDADES CULTURALES O RECREATIVAS,8398,ORGANIZACIONES DE SERVICIO SOCIAL CARITATIVO
949909,ACTIVIDADES DE OTRAS ASOCIACIONES N.C.P.,8398,ORGANIZACIONES DE SERVICIO SOCIAL CARITATIVO
949200,ACTIVIDADES DE ORGANIZACIONES POLÍTICAS,8651,ORGANIZACIONES POLÍTICAS
949100,ACTIVIDADES DE ORGANIZACIONES RELIGIOSAS,8661,ORGANIZACIONES RELIGIOSAS
22000,EXTRACCIÓN DE MADERA,1799,OTROS CONTRATISTAS (NO CLASIFICADOS EN OTRA PARTE)
23000,RECOLECCIÓN DE PRODUCTOS FORESTALES DISTINTOS DE LA MADERA,1799,OTROS CONTRATISTAS (NO CLASIFICADOS EN OTRA PARTE)
24001,SERVICIOS DE FORESTACIÓN A CAMBIO DE UNA RETRIBUCIÓN O POR CONTRATA,1799,OTROS CONTRATISTAS (NO CLASIFICADOS EN OTRA PARTE)
24002,SERVICIOS DE CORTA DE MADERA A CAMBIO DE UNA RETRIBUCIÓN O POR CONTRATA,1799,OTROS CONTRATISTAS (NO CLASIFICADOS EN OTRA PARTE)
24003,SERVICIOS DE EXTINCIÓN Y PREVENCIÓN DE INCENDIOS FORESTALES,1799,OTROS CONTRATISTAS (NO CLASIFICADOS EN OTRA PARTE)
24009,OTROS SERVICIOS DE APOYO A LA SILVICULTURA N.C.P.,1799,OTROS CONTRATISTAS (NO CLASIFICADOS EN OTRA PARTE)
40000,EXTRACCIÓN Y PROCESAMIENTO DE COBRE,1799,OTROS CONTRATISTAS (NO CLASIFICADOS EN OTRA PARTE)
51000,EXTRACCIÓN DE CARBÓN DE PIEDRA,1799,OTROS CONTRATISTAS (NO CLASIFICADOS EN OTRA PARTE)
52000,EXTRACCIÓN DE LIGNITO,1799,OTROS CONTRATISTAS (NO CLASIFICADOS EN OTRA PARTE)
61000,EXTRACCIÓN DE PETRÓLEO CRUDO,1799,OTROS CONTRATISTAS (NO CLASIFICADOS EN OTRA PARTE)
62000,EXTRACCIÓN DE GAS NATURAL,1799,OTROS CONTRATISTAS (NO CLASIFICADOS EN OTRA PARTE)
71000,EXTRACCIÓN DE MINERALES DE HIERRO,1799,OTROS CONTRATISTAS (NO CLASIFICADOS EN OTRA PARTE)
72100,EXTRACCIÓN DE MINERALES DE URANIO Y TORIO,1799,OTROS CONTRATISTAS (NO CLASIFICADOS EN OTRA PARTE)
72910,EXTRACCIÓN DE ORO Y PLATA,1799,OTROS CONTRATISTAS (NO CLASIFICADOS EN OTRA PARTE)
72991,EXTRACCIÓN DE ZINC Y PLOMO,1799,OTROS CONTRATISTAS (NO CLASIFICADOS EN OTRA PARTE)
72992,EXTRACCIÓN DE MANGANESO,1799,OTROS CONTRATISTAS (NO CLASIFICADOS EN OTRA PARTE)
72999,"EXTRACCIÓN DE OTROS MINERALES METALÍFEROS NO FERROSOS N.C.P. (EXCEPTO ZINC, PLOMO Y MANGANESO)",1799,OTROS CONTRATISTAS (NO CLASIFICADOS EN OTRA PARTE)
81000,"EXTRACCIÓN DE PIEDRA, ARENA Y ARCILLA",1799,OTROS CONTRATISTAS (NO CLASIFICADOS EN OTRA PARTE)
89110,EXTRACCIÓN Y PROCESAMIENTO DE LITIO,1799,OTROS CONTRATISTAS (NO CLASIFICADOS EN OTRA PARTE)
89190,EXTRACCIÓN DE MINERALES PARA LA FABRICACIÓN DE ABONOS Y PRODUCTOS QUÍMICOS N.C.P.,1799,OTROS CONTRATISTAS (NO CLASIFICADOS EN OTRA PARTE)
89200,EXTRACCIÓN DE TURBA,1799,OTROS CONTRATISTAS (NO CLASIFICADOS EN OTRA PARTE)
89300,EXTRACCIÓN DE SAL,1799,OTROS CONTRATISTAS (NO CLASIFICADOS EN OTRA PARTE)
89900,EXPLOTACIÓN DE OTRAS MINAS Y CANTERAS N.C.P.,1799,OTROS CONTRATISTAS (NO CLASIFICADOS EN OTRA PARTE)
91001,ACTIVIDADES DE APOYO PARA LA EXTRACCIÓN DE PETRÓLEO Y GAS NATURAL PRESTADOS POR EMPRESAS,1799,OTROS CONTRATISTAS (NO CLASIFICADOS EN OTRA PARTE)
99001,ACTIVIDADES DE APOYO PARA LA EXPLOTACIÓN DE OTRAS MINAS Y CANTERAS PRESTADOS POR EMPRESAS,1799,OTROS CONTRATISTAS (NO CLASIFICADOS EN OTRA PARTE)
332000,INSTALACIÓN DE MAQUINARIA Y EQUIPOS INDUSTRIALES,1799,OTROS CONTRATISTAS (NO CLASIFICADOS EN OTRA PARTE)
431100,DEMOLICIÓN,1799,OTROS CONTRATISTAS (NO CLASIFICADOS EN OTRA PARTE)
431200,PREPARACIÓN DEL TERRENO,1799,OTROS CONTRATISTAS (NO CLASIFICADOS EN OTRA PARTE)
439000,OTRAS ACTIVIDADES ESPECIALIZADAS DE CONSTRUCCIÓN,1799,OTROS CONTRATISTAS (NO CLASIFICADOS EN OTRA PARTE)
829900,OTRAS ACTIVIDADES DE SERVICIOS DE APOYO A LAS EMPRESAS N.C.P.,7299,OTROS SERVICIOS PERSONALES (NO CLASIFICADOS EN OTRA PARTE)
960909,OTRAS ACTIVIDADES DE SERVICIOS PERSONALES N.C.P.,7299,OTROS SERVICIOS PERSONALES (NO CLASIFICADOS EN OTRA PARTE)
970000,ACTIVIDADES DE LOS HOGARES COMO EMPLEADORES DE PERSONAL DOMÉSTICO,7299,OTROS SERVICIOS PERSONALES (NO CLASIFICADOS EN OTRA PARTE)
107100,ELABORACIÓN DE PRODUCTOS DE PANADERÍA Y PASTELERÍA,5462,PANADERIAS
472105,VENTA AL POR MENOR EN COMERCIOS ESPECIALIZADOS DE PRODUCTOS DE PANADERÍA Y PASTELERÍA,5462,PANADERIAS
464904,VENTA AL POR MAYOR DE ARTÍCULOS DE PAPELERÍA Y ESCRITORIO,5111,"PAPELERÍA, MATERIAL DE OFICINA, PAPEL DE IMPRESIÓN Y ESCRITURA"
900002,"ACTIVIDADES ARTÍSTICAS REALIZADAS POR BANDAS DE MÚSICA, COMPAÑÍAS DE TEATRO, CIRCENSES Y SIMILARES",7996,"PARQUES DE DIVERSIÓN, CIRCOS, CARNAVALES Y ADIVINOS"
932100,ACTIVIDADES DE PARQUES DE ATRACCIONES Y PARQUES TEMÁTICOS,7996,"PARQUES DE DIVERSIÓN, CIRCOS, CARNAVALES Y ADIVINOS"
522130,SERVICIOS PRESTADOS POR CONCESIONARIOS DE CARRETERAS,4784,PEAJES
522990,OTRAS ACTIVIDADES DE APOYO AL TRANSPORTE N.C.P.,4784,PEAJES
960200,PELUQUERÍA Y OTROS TRATAMIENTOS DE BELLEZA,7230,PELUQUERÍAS Y BARBERÍAS
192000,FABRICACIÓN DE PRODUCTOS DE LA REFINACIÓN DEL PETRÓLEO,5172,PETRÓLEO Y PRODUCTOS DERIVADOS
466100,"VENTA AL POR MAYOR DE COMBUSTIBLES SÓLIDOS, LÍQUIDOS Y GASEOSOS Y PRODUCTOS CONEXOS",5172,PETRÓLEO Y PRODUCTOS DERIVADOS
869091,OTROS SERVICIOS DE ATENCIÓN DE LA SALUD HUMANA PRESTADOS POR EMPRESAS,8049,PODÓLOGOS Y PEDICURISTAS
869092,SERVICIOS PRESTADOS DE FORMA INDEPENDIENTE POR OTROS PROFESIONALES DE LA SALUD,8049,PODÓLOGOS Y PEDICURISTAS
591100,"ACTIVIDADES DE PRODUCCIÓN DE PELÍCULAS CINEMATOGRÁFICAS, VIDEOS Y PROGRAMAS DE TELEVISIÓN",7829,PRODUCCIÓN Y DISTRIBUCIÓN DE PELÍCULAS Y CINTAS DE VIDEO
591200,"ACTIVIDADES DE POSTPRODUCCIÓN DE PELÍCULAS CINEMATOGRÁFICAS, VIDEOS Y PROGRAMAS DE TELEVISIÓN",7829,PRODUCCIÓN Y DISTRIBUCIÓN DE PELÍCULAS Y CINTAS DE VIDEO
591300,"ACTIVIDADES DE DISTRIBUCIÓN DE PELÍCULAS CINEMATOGRÁFICAS, VIDEOS Y PROGRAMAS DE TELEVISIÓN",7829,PRODUCCIÓN Y DISTRIBUCIÓN DE PELÍCULAS Y CINTAS DE VIDEO
477202,VENTA AL POR MENOR DE ARTÍCULOS ORTOPÉDICOS EN COMERCIOS ESPECIALIZADOS,5976,PRODUCTOS ORTOPÉDICOS
201109,FABRICACIÓN DE OTRAS SUSTANCIAS QUÍMICAS BÁSICAS N.C.P.,5169,PRODUCTOS QUÍMICOS Y ALIACIONES (NO CLASIFICADOS EN OTRA PARTE)
202100,FABRICACIÓN DE PLAGUICIDAS Y OTROS PRODUCTOS QUÍMICOS DE USO AGROPECUARIO,5169,PRODUCTOS QUÍMICOS Y ALIACIONES (NO CLASIFICADOS EN OTRA PARTE)
202901,FABRICACIÓN DE EXPLOSIVOS Y PRODUCTOS PIROTÉCNICOS,5169,PRODUCTOS QUÍMICOS Y ALIACIONES (NO CLASIFICADOS EN OTRA PARTE)
202909,FABRICACIÓN DE OTROS PRODUCTOS QUÍMICOS N.C.P.,5169,PRODUCTOS QUÍMICOS Y ALIACIONES (NO CLASIFICADOS EN OTRA PARTE)
466901,VENTA AL POR MAYOR DE PRODUCTOS QUÍMICOS,5169,PRODUCTOS QUÍMICOS Y ALIACIONES (NO CLASIFICADOS EN OTRA PARTE)
181101,IMPRESIÓN DE LIBROS,2741,PUBLICACIONES E IMPRESIÓN EN GENERAL
181109,OTRAS ACTIVIDADES DE IMPRESIÓN N.C.P.,2741,PUBLICACIONES E IMPRESIÓN EN GENERAL
181200,ACTIVIDADES DE SERVICIOS RELACIONADAS CON LA IMPRESIÓN,2741,PUBLICACIONES E IMPRESIÓN EN GENERAL
581300,"EDICIÓN DE DIARIOS, REVISTAS Y OTRAS PUBLICACIONES PERIÓDICAS",2741,PUBLICACIONES E IMPRESIÓN EN GENERAL
476102,VENTA AL POR MENOR DE DIARIOS Y REVISTAS EN COMERCIOS ESPECIALIZADOS,5994,QUIOSCOS
477401,VENTA AL POR MENOR DE ANTIGÜEDADES EN COMERCIOS,5937,REPRODUCCIÓN DE ANTIGÜEDADES
561000,ACTIVIDADES DE RESTAURANTES Y DE SERVICIO MÓVIL DE COMIDAS,5812,RESTAURANTES
562900,SUMINISTRO INDUSTRIAL DE COMIDAS POR ENCARGO; CONCESIÓN DE SERVICIOS DE ALIMENTACIÓN ,5812,RESTAURANTES
479902,VENTA AL POR MENOR MEDIANTE MAQUINAS EXPENDEDORAS,5814,RESTAURANTES DE COMIDA RÁPIDA
561000,ACTIVIDADES DE RESTAURANTES Y DE SERVICIO MÓVIL DE COMIDAS,5814,RESTAURANTES DE COMIDA RÁPIDA
952400,REPARACIÓN DE MUEBLES Y ACCESORIOS DOMÉSTICOS,7641,"RETAPIZADO, REPARACIÓN Y ACABADO DE MUEBLES"
900002,"ACTIVIDADES ARTÍSTICAS REALIZADAS POR BANDAS DE MÚSICA, COMPAÑÍAS DE TEATRO, CIRCENSES Y SIMILARES",7911,"SALONES DE BAILE, ESTUDIOS Y ESCUELAS"
931102,GESTIÓN DE SALAS DE BILLAR; GESTIÓN DE SALAS DE BOLOS (BOWLING),7933,SALONES DE BOLOS
960902,"ACTIVIDADES DE SALONES DE MASAJES, BAÑOS TURCOS, SAUNAS, SERVICIO DE BAÑOS PÚBLICOS",7297,SALONES DE MASAJE
931102,GESTIÓN DE SALAS DE BILLAR; GESTIÓN DE SALAS DE BOLOS (BOWLING),7932,SALONES DE POOL Y BILLAR
932901,GESTIÓN DE SALAS DE POOL; GESTIÓN (EXPLOTACIÓN) DE JUEGOS ELECTRÓNICOS,7932,SALONES DE POOL Y BILLAR
477102,VENTA AL POR MENOR DE PRENDAS Y ACCESORIOS DE VESTIR EN COMERCIOS ESPECIALIZADOS,5697,"SASTRES, COSTURERAS, ARREGLOS Y MODIFICACIONES"
741001,ACTIVIDADES DE DISEÑO DE VESTUARIO,5697,"SASTRES, COSTURERAS, ARREGLOS Y MODIFICACIONES"
351011,GENERACIÓN DE ENERGÍA ELÉCTRICA EN CENTRALES HIDROELÉCTRICAS,4900,"SERVICIOS BÁSICOS: ELECTRICIDAD, GAS, AGUA Y DESECHOS"
351012,GENERACIÓN DE ENERGÍA ELÉCTRICA EN CENTRALES TERMOELÉCTRICAS,4900,"SERVICIOS BÁSICOS: ELECTRICIDAD, GAS, AGUA Y DESECHOS"
351019,GENERACIÓN DE ENERGÍA ELÉCTRICA EN OTRAS CENTRALES N.C.P.,4900,"SERVICIOS BÁSICOS: ELECTRICIDAD, GAS, AGUA Y DESECHOS"
351020,TRANSMISIÓN DE ENERGÍA ELÉCTRICA,4900,"SERVICIOS BÁSICOS: ELECTRICIDAD, GAS, AGUA Y DESECHOS"
351030,DISTRIBUCIÓN DE ENERGÍA ELÉCTRICA,4900,"SERVICIOS BÁSICOS: ELECTRICIDAD, GAS, AGUA Y DESECHOS"
352020,"FABRICACIÓN DE GAS; DISTRIBUCIÓN DE COMBUSTIBLES GASEOSOS POR TUBERÍA, EXCEPTO REGASIFICACIÓN DE GNL",4900,"SERVICIOS BÁSICOS: ELECTRICIDAD, GAS, AGUA Y DESECHOS"
360000,"CAPTACIÓN, TRATAMIENTO Y DISTRIBUCIÓN DE AGUA",4900,"SERVICIOS BÁSICOS: ELECTRICIDAD, GAS, AGUA Y DESECHOS"
370000,EVACUACIÓN Y TRATAMIENTO DE AGUAS SERVIDAS,4900,"SERVICIOS BÁSICOS: ELECTRICIDAD, GAS, AGUA Y DESECHOS"
382100,TRATAMIENTO Y ELIMINACIÓN DE DESECHOS NO PELIGROSOS,4900,"SERVICIOS BÁSICOS: ELECTRICIDAD, GAS, AGUA Y DESECHOS"
382200,TRATAMIENTO Y ELIMINACIÓN DE DESECHOS PELIGROSOS,4900,"SERVICIOS BÁSICOS: ELECTRICIDAD, GAS, AGUA Y DESECHOS"
383001,RECUPERACIÓN Y RECICLAMIENTO DE DESPERDICIOS Y DESECHOS METÁLICOS,4900,"SERVICIOS BÁSICOS: ELECTRICIDAD, GAS, AGUA Y DESECHOS"
383002,RECUPERACIÓN Y RECICLAMIENTO DE PAPEL,4900,"SERVICIOS BÁSICOS: ELECTRICIDAD, GAS, AGUA Y DESECHOS"
383003,RECUPERACIÓN Y RECICLAMIENTO DE VIDRIO,4900,"SERVICIOS BÁSICOS: ELECTRICIDAD, GAS, AGUA Y DESECHOS"
383009,RECUPERACIÓN Y RECICLAMIENTO DE OTROS DESPERDICIOS Y DESECHOS N.C.P.,4900,"SERVICIOS BÁSICOS: ELECTRICIDAD, GAS, AGUA Y DESECHOS"
390000,ACTIVIDADES DE DESCONTAMINACIÓN Y OTROS SERVICIOS DE GESTIÓN DE DESECHOS,4900,"SERVICIOS BÁSICOS: ELECTRICIDAD, GAS, AGUA Y DESECHOS"
477310,VENTA AL POR MENOR DE GAS LICUADO EN BOMBONAS (CILINDROS) EN COMERCIOS ESPECIALIZADOS,4900,"SERVICIOS BÁSICOS: ELECTRICIDAD, GAS, AGUA Y DESECHOS"
14101,CRÍA DE GANADO BOVINO PARA LA PRODUCCIÓN LECHERA,7399,SERVICIOS COMERCIALES (NO CLASIFICADOS EN OTRA PARTE)
14102,CRÍA DE GANADO BOVINO PARA LA PRODUCCIÓN DE CARNE O COMO GANADO REPRODUCTOR,7399,SERVICIOS COMERCIALES (NO CLASIFICADOS EN OTRA PARTE)
14200,CRÍA DE CABALLOS Y OTROS EQUINOS,7399,SERVICIOS COMERCIALES (NO CLASIFICADOS EN OTRA PARTE)
14300,"CRÍA DE LLAMAS, ALPACAS, VICUÑAS, GUANACOS Y OTROS CAMÉLIDOS",7399,SERVICIOS COMERCIALES (NO CLASIFICADOS EN OTRA PARTE)
14410,CRÍA DE OVEJAS (OVINOS),7399,SERVICIOS COMERCIALES (NO CLASIFICADOS EN OTRA PARTE)
14420,CRÍA DE CABRAS (CAPRINOS),7399,SERVICIOS COMERCIALES (NO CLASIFICADOS EN OTRA PARTE)
14500,CRÍA DE CERDOS,7399,SERVICIOS COMERCIALES (NO CLASIFICADOS EN OTRA PARTE)
14601,CRÍA DE AVES DE CORRAL PARA LA PRODUCCIÓN DE CARNE,7399,SERVICIOS COMERCIALES (NO CLASIFICADOS EN OTRA PARTE)
14602,CRÍA DE AVES DE CORRAL PARA LA PRODUCCIÓN DE HUEVOS,7399,SERVICIOS COMERCIALES (NO CLASIFICADOS EN OTRA PARTE)
14901,APICULTURA,7399,SERVICIOS COMERCIALES (NO CLASIFICADOS EN OTRA PARTE)
14909,CRÍA DE OTROS ANIMALES N.C.P.,7399,SERVICIOS COMERCIALES (NO CLASIFICADOS EN OTRA PARTE)
15000,CULTIVO DE PRODUCTOS AGRÍCOLAS EN COMBINACIÓN CON LA CRÍA DE ANIMALES (EXPLOTACIÓN MIXTA),7399,SERVICIOS COMERCIALES (NO CLASIFICADOS EN OTRA PARTE)
16100,ACTIVIDADES DE APOYO A LA AGRICULTURA,7399,SERVICIOS COMERCIALES (NO CLASIFICADOS EN OTRA PARTE)
16200,ACTIVIDADES DE APOYO A LA GANADERÍA,7399,SERVICIOS COMERCIALES (NO CLASIFICADOS EN OTRA PARTE)
16300,ACTIVIDADES POSCOSECHA,7399,SERVICIOS COMERCIALES (NO CLASIFICADOS EN OTRA PARTE)
16400,TRATAMIENTO DE SEMILLAS PARA PROPAGACIÓN,7399,SERVICIOS COMERCIALES (NO CLASIFICADOS EN OTRA PARTE)
17000,CAZA ORDINARIA Y MEDIANTE TRAMPAS Y ACTIVIDADES DE SERVICIOS CONEXAS,7399,SERVICIOS COMERCIALES (NO CLASIFICADOS EN OTRA PARTE)
21001,EXPLOTACIÓN DE VIVEROS FORESTALES,7399,SERVICIOS COMERCIALES (NO CLASIFICADOS EN OTRA PARTE)
21002,SILVICULTURA Y OTRAS ACTIVIDADES FORESTALES (EXCEPTO EXPLOTACIÓN DE VIVEROS FORESTALES),7399,SERVICIOS COMERCIALES (NO CLASIFICADOS EN OTRA PARTE)
31110,"PESCA MARÍTIMA INDUSTRIAL, EXCEPTO DE BARCOS FACTORÍA",7399,SERVICIOS COMERCIALES (NO CLASIFICADOS EN OTRA PARTE)
31120,PESCA MARÍTIMA ARTESANAL,7399,SERVICIOS COMERCIALES (NO CLASIFICADOS EN OTRA PARTE)
31130,RECOLECCIÓN Y EXTRACCIÓN DE PRODUCTOS MARINOS,7399,SERVICIOS COMERCIALES (NO CLASIFICADOS EN OTRA PARTE)
31140,SERVICIOS RELACIONADOS CON LA PESCA MARÍTIMA,7399,SERVICIOS COMERCIALES (NO CLASIFICADOS EN OTRA PARTE)
31200,PESCA DE AGUA DULCE,7399,SERVICIOS COMERCIALES (NO CLASIFICADOS EN OTRA PARTE)
32110,CULTIVO Y CRIANZA DE PECES MARINOS,7399,SERVICIOS COMERCIALES (NO CLASIFICADOS EN OTRA PARTE)
32120,"CULTIVO, REPRODUCCIÓN Y MANEJO DE ALGAS MARINAS",7399,SERVICIOS COMERCIALES (NO CLASIFICADOS EN OTRA PARTE)
32130,"REPRODUCCIÓN Y CRÍA DE MOLUSCOS, CRUSTÁCEOS Y GUSANOS MARINOS",7399,SERVICIOS COMERCIALES (NO CLASIFICADOS EN OTRA PARTE)
32140,SERVICIOS RELACIONADOS CON LA ACUICULTURA MARINA,7399,SERVICIOS COMERCIALES (NO CLASIFICADOS EN OTRA PARTE)
32200,ACUICULTURA DE AGUA DULCE,7399,SERVICIOS COMERCIALES (NO CLASIFICADOS EN OTRA PARTE)
102060,ELABORACIÓN Y PROCESAMIENTO DE ALGAS,7399,SERVICIOS COMERCIALES (NO CLASIFICADOS EN OTRA PARTE)
103000,"ELABORACIÓN Y CONSERVACIÓN DE FRUTAS, LEGUMBRES Y HORTALIZAS",7399,SERVICIOS COMERCIALES (NO CLASIFICADOS EN OTRA PARTE)
104000,ELABORACIÓN DE ACEITES Y GRASAS DE ORIGEN VEGETAL Y ANIMAL (EXCEPTO ELABORACIÓN DE MANTEQUILLA),7399,SERVICIOS COMERCIALES (NO CLASIFICADOS EN OTRA PARTE)
105000,ELABORACIÓN DE PRODUCTOS LÁCTEOS,7399,SERVICIOS COMERCIALES (NO CLASIFICADOS EN OTRA PARTE)
106101,"MOLIENDA DE TRIGO: PRODUCCIÓN DE HARINA, SÉMOLA Y GRÁNULOS",7399,SERVICIOS COMERCIALES (NO CLASIFICADOS EN OTRA PARTE)
106102,MOLIENDA DE ARROZ; PRODUCCIÓN DE HARINA DE ARROZ,7399,SERVICIOS COMERCIALES (NO CLASIFICADOS EN OTRA PARTE)
106109,ELABORACIÓN DE OTROS PRODUCTOS DE MOLINERÍA N.C.P.,7399,SERVICIOS COMERCIALES (NO CLASIFICADOS EN OTRA PARTE)
106200,ELABORACIÓN DE ALMIDONES Y PRODUCTOS DERIVADOS DEL ALMIDÓN,7399,SERVICIOS COMERCIALES (NO CLASIFICADOS EN OTRA PARTE)
107200,ELABORACIÓN DE AZÚCAR,7399,SERVICIOS COMERCIALES (NO CLASIFICADOS EN OTRA PARTE)
107300,"ELABORACIÓN DE CACAO, CHOCOLATE Y DE PRODUCTOS DE CONFITERÍA",7399,SERVICIOS COMERCIALES (NO CLASIFICADOS EN OTRA PARTE)
107400,"ELABORACIÓN DE MACARRONES, FIDEOS, ALCUZCUZ Y PRODUCTOS FARINÁCEOS SIMILARES",7399,SERVICIOS COMERCIALES (NO CLASIFICADOS EN OTRA PARTE)
107500,"ELABORACIÓN DE COMIDAS Y PLATOS PREPARADOS ENVASADOS, ROTULADOS Y CON INFORMACIÓN NUTRICIONAL",7399,SERVICIOS COMERCIALES (NO CLASIFICADOS EN OTRA PARTE)
107901,"ELABORACIÓN DE TÉ, CAFÉ, MATE E INFUSIONES DE HIERBAS",7399,SERVICIOS COMERCIALES (NO CLASIFICADOS EN OTRA PARTE)
107902,ELABORACIÓN DE LEVADURAS NATURALES O ARTIFICIALES,7399,SERVICIOS COMERCIALES (NO CLASIFICADOS EN OTRA PARTE)
107903,"ELABORACIÓN DE VINAGRES, MOSTAZAS, MAYONESAS Y CONDIMENTOS EN GENERAL",7399,SERVICIOS COMERCIALES (NO CLASIFICADOS EN OTRA PARTE)
107909,ELABORACIÓN DE OTROS PRODUCTOS ALIMENTICIOS N.C.P.,7399,SERVICIOS COMERCIALES (NO CLASIFICADOS EN OTRA PARTE)
108000,ELABORACIÓN DE PIENSOS PREPARADOS PARA ANIMALES,7399,SERVICIOS COMERCIALES (NO CLASIFICADOS EN OTRA PARTE)
110110,ELABORACIÓN DE PISCO (INDUSTRIAS PISQUERAS),7399,SERVICIOS COMERCIALES (NO CLASIFICADOS EN OTRA PARTE)
110120,"DESTILACIÓN, RECTIFICACIÓN Y MEZCLAS DE BEBIDAS ALCOHÓLICAS; EXCEPTO PISCO",7399,SERVICIOS COMERCIALES (NO CLASIFICADOS EN OTRA PARTE)
110200,ELABORACIÓN DE VINOS,7399,SERVICIOS COMERCIALES (NO CLASIFICADOS EN OTRA PARTE)
110300,ELABORACIÓN DE BEBIDAS MALTEADAS Y DE MALTA,7399,SERVICIOS COMERCIALES (NO CLASIFICADOS EN OTRA PARTE)
110401,ELABORACIÓN DE BEBIDAS NO ALCOHÓLICAS,7399,SERVICIOS COMERCIALES (NO CLASIFICADOS EN OTRA PARTE)
110402,PRODUCCIÓN DE AGUAS MINERALES Y OTRAS AGUAS EMBOTELLADAS,7399,SERVICIOS COMERCIALES (NO CLASIFICADOS EN OTRA PARTE)
120001,ELABORACIÓN DE CIGARROS Y CIGARRILLOS,7399,SERVICIOS COMERCIALES (NO CLASIFICADOS EN OTRA PARTE)
120009,ELABORACIÓN DE OTROS PRODUCTOS DE TABACO N.C.P.,7399,SERVICIOS COMERCIALES (NO CLASIFICADOS EN OTRA PARTE)
131100,PREPARACIÓN E HILATURA DE FIBRAS TEXTILES,7399,SERVICIOS COMERCIALES (NO CLASIFICADOS EN OTRA PARTE)
131200,TEJEDURA DE PRODUCTOS TEXTILES,7399,SERVICIOS COMERCIALES (NO CLASIFICADOS EN OTRA PARTE)
131300,ACABADO DE PRODUCTOS TEXTILES,7399,SERVICIOS COMERCIALES (NO CLASIFICADOS EN OTRA PARTE)
139100,FABRICACIÓN DE TEJIDOS DE PUNTO Y GANCHILLO,7399,SERVICIOS COMERCIALES (NO CLASIFICADOS EN OTRA PARTE)
139200,"FABRICACIÓN DE ARTÍCULOS CONFECCIONADOS DE MATERIALES TEXTILES, EXCEPTO PRENDAS DE VESTIR",7399,SERVICIOS COMERCIALES (NO CLASIFICADOS EN OTRA PARTE)
139300,FABRICACIÓN DE TAPICES Y ALFOMBRAS,7399,SERVICIOS COMERCIALES (NO CLASIFICADOS EN OTRA PARTE)
139900,FABRICACIÓN DE OTROS PRODUCTOS TEXTILES N.C.P.,7399,SERVICIOS COMERCIALES (NO CLASIFICADOS EN OTRA PARTE)
141001,FABRICACIÓN DE PRENDAS DE VESTIR DE MATERIALES TEXTILES Y SIMILARES,7399,SERVICIOS COMERCIALES (NO CLASIFICADOS EN OTRA PARTE)
141002,FABRICACIÓN DE PRENDAS DE VESTIR DE CUERO NATURAL O ARTIFICIAL,7399,SERVICIOS COMERCIALES (NO CLASIFICADOS EN OTRA PARTE)
141003,FABRICACIÓN DE ACCESORIOS DE VESTIR,7399,SERVICIOS COMERCIALES (NO CLASIFICADOS EN OTRA PARTE)
141004,FABRICACIÓN DE ROPA DE TRABAJO,7399,SERVICIOS COMERCIALES (NO CLASIFICADOS EN OTRA PARTE)
142000,FABRICACIÓN DE ARTÍCULOS DE PIEL,7399,SERVICIOS COMERCIALES (NO CLASIFICADOS EN OTRA PARTE)
143000,FABRICACIÓN DE ARTÍCULOS DE PUNTO Y GANCHILLO,7399,SERVICIOS COMERCIALES (NO CLASIFICADOS EN OTRA PARTE)
151100,CURTIDO Y ADOBO DE CUEROS; ADOBO Y TEÑIDO DE PIELES,7399,SERVICIOS COMERCIALES (NO CLASIFICADOS EN OTRA PARTE)
151200,"FABRICACIÓN DE MALETAS, BOLSOS Y ARTÍCULOS SIMILARES, ARTÍCULOS DE TALABARTERÍA Y GUARNICIONERÍA",7399,SERVICIOS COMERCIALES (NO CLASIFICADOS EN OTRA PARTE)
161000,ASERRADO Y ACEPILLADURA DE MADERA,7399,SERVICIOS COMERCIALES (NO CLASIFICADOS EN OTRA PARTE)
162300,FABRICACIÓN DE RECIPIENTES DE MADERA,7399,SERVICIOS COMERCIALES (NO CLASIFICADOS EN OTRA PARTE)
162900,"FABRICACIÓN DE OTROS PRODUCTOS DE MADERA, DE ARTÍCULOS DE CORCHO, PAJA Y MATERIALES TRENZABLES",7399,SERVICIOS COMERCIALES (NO CLASIFICADOS EN OTRA PARTE)
191000,FABRICACIÓN DE PRODUCTOS DE HORNOS DE COQUE,7399,SERVICIOS COMERCIALES (NO CLASIFICADOS EN OTRA PARTE)
201101,FABRICACIÓN DE CARBÓN VEGETAL (EXCEPTO ACTIVADO); FABRICACIÓN DE BRIQUETAS DE CARBÓN VEGETAL,7399,SERVICIOS COMERCIALES (NO CLASIFICADOS EN OTRA PARTE)
203000,FABRICACIÓN DE FIBRAS ARTIFICIALES,7399,SERVICIOS COMERCIALES (NO CLASIFICADOS EN OTRA PARTE)
221100,FABRICACIÓN DE CUBIERTAS Y CÁMARAS DE CAUCHO; RECAUCHUTADO Y RENOVACIÓN DE CUBIERTAS DE CAUCHO,7399,SERVICIOS COMERCIALES (NO CLASIFICADOS EN OTRA PARTE)
221900,FABRICACIÓN DE OTROS PRODUCTOS DE CAUCHO,7399,SERVICIOS COMERCIALES (NO CLASIFICADOS EN OTRA PARTE)
222000,FABRICACIÓN DE PRODUCTOS DE PLÁSTICO,7399,SERVICIOS COMERCIALES (NO CLASIFICADOS EN OTRA PARTE)
231002,FABRICACIÓN DE VIDRIO HUECO,7399,SERVICIOS COMERCIALES (NO CLASIFICADOS EN OTRA PARTE)
239100,FABRICACIÓN DE PRODUCTOS REFRACTARIOS,7399,SERVICIOS COMERCIALES (NO CLASIFICADOS EN OTRA PARTE)
239300,FABRICACIÓN DE OTROS PRODUCTOS DE PORCELANA Y DE CERÁMICA,7399,SERVICIOS COMERCIALES (NO CLASIFICADOS EN OTRA PARTE)
239900,FABRICACIÓN DE OTROS PRODUCTOS MINERALES NO METÁLICOS N.C.P.,7399,SERVICIOS COMERCIALES (NO CLASIFICADOS EN OTRA PARTE)
243100,FUNDICIÓN DE HIERRO Y ACERO,7399,SERVICIOS COMERCIALES (NO CLASIFICADOS EN OTRA PARTE)
243200,FUNDICIÓN DE METALES NO FERROSOS,7399,SERVICIOS COMERCIALES (NO CLASIFICADOS EN OTRA PARTE)
251300,"FABRICACIÓN DE GENERADORES DE VAPOR, EXCEPTO CALDERAS DE AGUA CALIENTE PARA CALEFACCIÓN CENTRAL",7399,SERVICIOS COMERCIALES (NO CLASIFICADOS EN OTRA PARTE)
259200,TRATAMIENTO Y REVESTIMIENTO DE METALES; MAQUINADO,7399,SERVICIOS COMERCIALES (NO CLASIFICADOS EN OTRA PARTE)
381100,RECOGIDA DE DESECHOS NO PELIGROSOS,7399,SERVICIOS COMERCIALES (NO CLASIFICADOS EN OTRA PARTE)
381200,RECOGIDA DE DESECHOS PELIGROSOS,7399,SERVICIOS COMERCIALES (NO CLASIFICADOS EN OTRA PARTE)
461001,CORRETAJE AL POR MAYOR DE PRODUCTOS AGRÍCOLAS,7399,SERVICIOS COMERCIALES (NO CLASIFICADOS EN OTRA PARTE)
461002,CORRETAJE AL POR MAYOR DE GANADO,7399,SERVICIOS COMERCIALES (NO CLASIFICADOS EN OTRA PARTE)
461009,OTROS TIPOS DE CORRETAJES O REMATES AL POR MAYOR N.C.P.,7399,SERVICIOS COMERCIALES (NO CLASIFICADOS EN OTRA PARTE)
462010,VENTA AL POR MAYOR DE MATERIAS PRIMAS AGRÍCOLAS,7399,SERVICIOS COMERCIALES (NO CLASIFICADOS EN OTRA PARTE)
462020,VENTA AL POR MAYOR DE ANIMALES VIVOS,7399,SERVICIOS COMERCIALES (NO CLASIFICADOS EN OTRA PARTE)
462090,VENTA AL POR MAYOR DE OTRAS MATERIAS PRIMAS AGROPECUARIAS N.C.P.,7399,SERVICIOS COMERCIALES (NO CLASIFICADOS EN OTRA PARTE)
478900,VENTA AL POR MENOR DE OTROS PRODUCTOS EN PUESTOS DE VENTA Y MERCADOS (INCLUYE FERIAS),7399,SERVICIOS COMERCIALES (NO CLASIFICADOS EN OTRA PARTE)
493010,TRANSPORTE POR OLEODUCTOS,7399,SERVICIOS COMERCIALES (NO CLASIFICADOS EN OTRA PARTE)
493020,TRANSPORTE POR GASODUCTOS,7399,SERVICIOS COMERCIALES (NO CLASIFICADOS EN OTRA PARTE)
493090,OTRAS ACTIVIDADES DE TRANSPORTE POR TUBERÍAS N.C.P.,7399,SERVICIOS COMERCIALES (NO CLASIFICADOS EN OTRA PARTE)
522400,MANIPULACIÓN DE LA CARGA,7399,SERVICIOS COMERCIALES (NO CLASIFICADOS EN OTRA PARTE)
563009,OTRAS ACTIVIDADES DE SERVICIO DE BEBIDAS N.C.P.,7399,SERVICIOS COMERCIALES (NO CLASIFICADOS EN OTRA PARTE)
601000,TRANSMISIONES DE RADIO,7399,SERVICIOS COMERCIALES (NO CLASIFICADOS EN OTRA PARTE)
639100,ACTIVIDADES DE AGENCIAS DE NOTICIAS,7399,SERVICIOS COMERCIALES (NO CLASIFICADOS EN OTRA PARTE)
642000,ACTIVIDADES DE SOCIEDADES DE CARTERA,7399,SERVICIOS COMERCIALES (NO CLASIFICADOS EN OTRA PARTE)
643000,FONDOS Y SOCIEDADES DE INVERSIÓN Y ENTIDADES FINANCIERAS SIMILARES,7399,SERVICIOS COMERCIALES (NO CLASIFICADOS EN OTRA PARTE)
649203,CAJAS DE COMPENSACIÓN,7399,SERVICIOS COMERCIALES (NO CLASIFICADOS EN OTRA PARTE)
653000,FONDOS DE PENSIONES,7399,SERVICIOS COMERCIALES (NO CLASIFICADOS EN OTRA PARTE)
661100,ADMINISTRACIÓN DE MERCADOS FINANCIEROS,7399,SERVICIOS COMERCIALES (NO CLASIFICADOS EN OTRA PARTE)
661209,OTROS SERVICIOS DE CORRETAJE DE VALORES Y COMMODITIES N.C.P.,7399,SERVICIOS COMERCIALES (NO CLASIFICADOS EN OTRA PARTE)
661901,ACTIVIDADES DE CÁMARAS DE COMPENSACIÓN,7399,SERVICIOS COMERCIALES (NO CLASIFICADOS EN OTRA PARTE)
661903,EMPRESAS DE ASESORÍA Y CONSULTORÍA EN INVERSIÓN FINANCIERA; SOCIEDADES DE APOYO AL GIRO,7399,SERVICIOS COMERCIALES (NO CLASIFICADOS EN OTRA PARTE)
661904,ACTIVIDADES DE CLASIFICADORAS DE RIESGO,7399,SERVICIOS COMERCIALES (NO CLASIFICADOS EN OTRA PARTE)
661909,OTRAS ACTIVIDADES AUXILIARES DE LAS ACTIVIDADES DE SERVICIOS FINANCIEROS N.C.P.,7399,SERVICIOS COMERCIALES (NO CLASIFICADOS EN OTRA PARTE)
662100,EVALUACIÓN DE RIESGOS Y DAÑOS (INCLUYE ACTIVIDADES DE LIQUIDADORES DE SEGUROS),7399,SERVICIOS COMERCIALES (NO CLASIFICADOS EN OTRA PARTE)
681011,ALQUILER DE BIENES INMUEBLES AMOBLADOS O CON EQUIPOS Y MAQUINARIAS,7399,SERVICIOS COMERCIALES (NO CLASIFICADOS EN OTRA PARTE)
681012,"COMPRA, VENTA Y ALQUILER (EXCEPTO AMOBLADOS) DE INMUEBLES",7399,SERVICIOS COMERCIALES (NO CLASIFICADOS EN OTRA PARTE)
701000,ACTIVIDADES DE OFICINAS PRINCIPALES,7399,SERVICIOS COMERCIALES (NO CLASIFICADOS EN OTRA PARTE)
774000,"ARRENDAMIENTO DE PROPIEDAD INTELECTUAL Y SIMILARES, EXCEPTO OBRAS PROTEGIDAS POR DERECHOS DE AUTOR",7399,SERVICIOS COMERCIALES (NO CLASIFICADOS EN OTRA PARTE)
783000,OTRAS ACTIVIDADES DE DOTACIÓN DE RECURSOS HUMANOS,7399,SERVICIOS COMERCIALES (NO CLASIFICADOS EN OTRA PARTE)
811000,ACTIVIDADES COMBINADAS DE APOYO A INSTALACIONES,7399,SERVICIOS COMERCIALES (NO CLASIFICADOS EN OTRA PARTE)
823000,ORGANIZACIÓN DE CONVENCIONES Y EXPOSICIONES COMERCIALES,7399,SERVICIOS COMERCIALES (NO CLASIFICADOS EN OTRA PARTE)
829200,ACTIVIDADES DE ENVASADO Y EMPAQUETADO,7399,SERVICIOS COMERCIALES (NO CLASIFICADOS EN OTRA PARTE)
829900,OTRAS ACTIVIDADES DE SERVICIOS DE APOYO A LAS EMPRESAS N.C.P.,7399,SERVICIOS COMERCIALES (NO CLASIFICADOS EN OTRA PARTE)
941100,ACTIVIDADES DE ASOCIACIONES EMPRESARIALES Y DE EMPLEADORES,7399,SERVICIOS COMERCIALES (NO CLASIFICADOS EN OTRA PARTE)
941200,ACTIVIDADES DE ASOCIACIONES PROFESIONALES,7399,SERVICIOS COMERCIALES (NO CLASIFICADOS EN OTRA PARTE)
949901,ACTIVIDADES DE CENTROS DE MADRES,7399,SERVICIOS COMERCIALES (NO CLASIFICADOS EN OTRA PARTE)
960320,SERVICIOS DE CEMENTERIOS,7399,SERVICIOS COMERCIALES (NO CLASIFICADOS EN OTRA PARTE)
990000,ACTIVIDADES DE ORGANIZACIONES Y ÓRGANOS EXTRATERRITORIALES,7399,SERVICIOS COMERCIALES (NO CLASIFICADOS EN OTRA PARTE)
869091,OTROS SERVICIOS DE ATENCIÓN DE LA SALUD HUMANA PRESTADOS POR EMPRESAS,4119,SERVICIOS DE AMBULANCIA
711001,"SERVICIOS DE ARQUITECTURA (DISEÑO DE EDIFICIOS, DIBUJO DE PLANOS DE CONSTRUCCIÓN, ENTRE OTROS)",8911,"SERVICIOS DE ARQUITECTURA, INGENIERÍA Y TOPOGRAFÍA"
711002,EMPRESAS DE SERVICIOS DE INGENIERÍA Y ACTIVIDADES CONEXAS DE CONSULTORÍA TÉCNICA ,8911,"SERVICIOS DE ARQUITECTURA, INGENIERÍA Y TOPOGRAFÍA"
711003,SERVICIOS PROFESIONALES DE INGENIERÍA Y ACTIVIDADES CONEXAS DE CONSULTORÍA TÉCNICA ,8911,"SERVICIOS DE ARQUITECTURA, INGENIERÍA Y TOPOGRAFÍA"
749001,ASESORÍA Y GESTIÓN EN LA COMPRA O VENTA DE PEQUEÑAS Y MEDIANAS EMPRESAS,7278,SERVICIOS DE ASESORAMIENTO: COMPRA Y VENTA DE BIENES
692000,"ACTIVIDADES DE CONTABILIDAD, TENEDURÍA DE LIBROS Y AUDITORÍA; CONSULTORÍA FISCAL",8931,"SERVICIOS DE CONTABILIDAD, AUDITORÍA Y TENEDURÍA DE LIBROS"
850011,ENSEÑANZA PREESCOLAR PÚBLICA,8351,SERVICIOS DE CUIDADO INFANTIL
850021,ENSEÑANZA PREESCOLAR PRIVADA,8351,SERVICIOS DE CUIDADO INFANTIL
582000,EDICIÓN DE PROGRAMAS INFORMÁTICOS,7372,"SERVICIOS DE DISEÑO DE SISTEMAS, PROGRAMACIÓN INFORMÁTICA Y PROCESAMIENTO DE DATOS"
620100,ACTIVIDADES DE PROGRAMACIÓN INFORMÁTICA,7372,"SERVICIOS DE DISEÑO DE SISTEMAS, PROGRAMACIÓN INFORMÁTICA Y PROCESAMIENTO DE DATOS"
631100,"PROCESAMIENTO DE DATOS, HOSPEDAJE Y ACTIVIDADES CONEXAS",7372,"SERVICIOS DE DISEÑO DE SISTEMAS, PROGRAMACIÓN INFORMÁTICA Y PROCESAMIENTO DE DATOS"
732000,ESTUDIOS DE MERCADO Y ENCUESTAS DE OPINIÓN PÚBLICA,7375,SERVICIOS DE ENCUESTAS Y RECOLECCIÓN DE INFORMACIÓN
869091,OTROS SERVICIOS DE ATENCIÓN DE LA SALUD HUMANA PRESTADOS POR EMPRESAS,8050,SERVICIOS DE ENFERMERÍA Y CUIDADO PERSONAL
869092,SERVICIOS PRESTADOS DE FORMA INDEPENDIENTE POR OTROS PROFESIONALES DE LA SALUD,8050,SERVICIOS DE ENFERMERÍA Y CUIDADO PERSONAL
871000,ACTIVIDADES DE ATENCIÓN DE ENFERMERÍA EN INSTITUCIONES,8050,SERVICIOS DE ENFERMERÍA Y CUIDADO PERSONAL
872000,ACTIVIDADES DE ATENCIÓN EN INSTITUCIONES PARA PERSONAS CON DISCAPACIDAD MENTAL Y TOXICÓMANOS,8050,SERVICIOS DE ENFERMERÍA Y CUIDADO PERSONAL
873000,ACTIVIDADES DE ATENCIÓN EN INSTITUCIONES PARA PERSONAS DE EDAD Y PERSONAS CON DISCAPACIDAD FÍSICA,8050,SERVICIOS DE ENFERMERÍA Y CUIDADO PERSONAL
492300,TRANSPORTE DE CARGA POR CARRETERA,4215,SERVICIOS DE ENTREGA Y FLETES
812901,"DESRATIZACIÓN, DESINFECCIÓN Y EXTERMINIO DE PLAGAS NO AGRÍCOLAS",7342,SERVICIOS DE EXTERMINIO Y DESINFECCIÓN
182000,REPRODUCCIÓN DE GRABACIONES,7338,"SERVICIOS DE FOTOCOPIADO, REPRODUCCIÓN Y PLANOS"
821900,"FOTOCOPIADO, PREPARACIÓN DE DOCUMENTOS Y OTRAS ACTIVIDADES ESPECIALIZADAS DE APOYO DE OFICINA",7338,"SERVICIOS DE FOTOCOPIADO, REPRODUCCIÓN Y PLANOS"
620200,ACTIVIDADES DE CONSULTORÍA DE INFORMÁTICA Y DE GESTIÓN DE INSTALACIONES INFORMÁTICAS,7392,SERVICIOS DE GESTIÓN Y CONSULTORÍA
631200,PORTALES WEB,7392,SERVICIOS DE GESTIÓN Y CONSULTORÍA
702000,ACTIVIDADES DE CONSULTORÍA DE GESTIÓN,7392,SERVICIOS DE GESTIÓN Y CONSULTORÍA
813000,"ACTIVIDADES DE PAISAJISMO, SERVICIOS DE JARDINERÍA Y SERVICIOS CONEXOS",780,SERVICIOS DE JARDINERÍA Y HORTICULTURA
812100,LIMPIEZA GENERAL DE EDIFICIOS,7349,SERVICIOS DE LIMPIEZA Y MANTENCIÓN
812909,OTRAS ACTIVIDADES DE LIMPIEZA DE EDIFICIOS E INSTALACIONES INDUSTRIALES N.C.P.,7349,SERVICIOS DE LIMPIEZA Y MANTENCIÓN
692000,"ACTIVIDADES DE CONTABILIDAD, TENEDURÍA DE LIBROS Y AUDITORÍA; CONSULTORÍA FISCAL",7276,SERVICIOS DE PREPARACIÓN DE DECLARACIONES DE IMPUESTOS
581100,EDICIÓN DE LIBROS,7339,SERVICIOS DE PROCESAMIENTO DE TEXTOS
581200,EDICIÓN DE DIRECTORIOS Y LISTAS DE CORREO,7339,SERVICIOS DE PROCESAMIENTO DE TEXTOS
581900,OTRAS ACTIVIDADES DE EDICIÓN,7339,SERVICIOS DE PROCESAMIENTO DE TEXTOS
821100,ACTIVIDADES COMBINADAS DE SERVICIOS ADMINISTRATIVOS DE OFICINA,7339,SERVICIOS DE PROCESAMIENTO DE TEXTOS
900009,"OTRAS ACTIVIDADES CREATIVAS, ARTÍSTICAS Y DE ENTRETENIMIENTO N.C.P.",7999,SERVICIOS DE RECREACIÓN (NO CLASIFICADOS EN OTRA PARTE)
910200,"ACTIVIDADES DE MUSEOS, GESTIÓN DE LUGARES Y EDIFICIOS HISTÓRICOS",7999,SERVICIOS DE RECREACIÓN (NO CLASIFICADOS EN OTRA PARTE)
931909,OTRAS ACTIVIDADES DEPORTIVAS N.C.P.,7999,SERVICIOS DE RECREACIÓN (NO CLASIFICADOS EN OTRA PARTE)
932909,OTRAS ACTIVIDADES DE ESPARCIMIENTO Y RECREATIVAS N.C.P.,7999,SERVICIOS DE RECREACIÓN (NO CLASIFICADOS EN OTRA PARTE)
492300,TRANSPORTE DE CARGA POR CARRETERA,7549,SERVICIOS DE REMOLQUE
611010,TELEFONÍA FIJA,4814,"SERVICIOS DE TELECOMUNICACIONES, INCLUIDAS LLAMADAS Y SERVICIOS DE FAX"
611020,TELEFONÍA LARGA DISTANCIA,4814,"SERVICIOS DE TELECOMUNICACIONES, INCLUIDAS LLAMADAS Y SERVICIOS DE FAX"
611090,OTROS SERVICIOS DE TELECOMUNICACIONES ALÁMBRICAS N.C.P.,4814,"SERVICIOS DE TELECOMUNICACIONES, INCLUIDAS LLAMADAS Y SERVICIOS DE FAX"
612010,TELEFONÍA MÓVIL CELULAR,4814,"SERVICIOS DE TELECOMUNICACIONES, INCLUIDAS LLAMADAS Y SERVICIOS DE FAX"
612020,RADIOCOMUNICACIONES MÓVILES,4814,"SERVICIOS DE TELECOMUNICACIONES, INCLUIDAS LLAMADAS Y SERVICIOS DE FAX"
612090,OTROS SERVICIOS DE TELECOMUNICACIONES INALÁMBRICAS N.C.P.,4814,"SERVICIOS DE TELECOMUNICACIONES, INCLUIDAS LLAMADAS Y SERVICIOS DE FAX"
613010,TELEFONÍA MÓVIL SATELITAL,4814,"SERVICIOS DE TELECOMUNICACIONES, INCLUIDAS LLAMADAS Y SERVICIOS DE FAX"
613090,OTROS SERVICIOS DE TELECOMUNICACIONES POR SATÉLITE N.C.P.,4814,"SERVICIOS DE TELECOMUNICACIONES, INCLUIDAS LLAMADAS Y SERVICIOS DE FAX"
619010,CENTROS DE LLAMADOS Y CENTROS DE ACCESO A INTERNET,4814,"SERVICIOS DE TELECOMUNICACIONES, INCLUIDAS LLAMADAS Y SERVICIOS DE FAX"
619090,OTRAS ACTIVIDADES DE TELECOMUNICACIONES N.C.P.,4814,"SERVICIOS DE TELECOMUNICACIONES, INCLUIDAS LLAMADAS Y SERVICIOS DE FAX"
602000,PROGRAMACIÓN Y TRANSMISIONES DE TELEVISIÓN,4899,"SERVICIOS DE TELEVISIÓN POR CABLE, SATÉLITE Y TRANSMISIÓN DE PAGO"
611030,TELEVISIÓN DE PAGO POR CABLE,4899,"SERVICIOS DE TELEVISIÓN POR CABLE, SATÉLITE Y TRANSMISIÓN DE PAGO"
612030,TELEVISIÓN DE PAGO INALÁMBRICA,4899,"SERVICIOS DE TELEVISIÓN POR CABLE, SATÉLITE Y TRANSMISIÓN DE PAGO"
613020,TELEVISIÓN DE PAGO SATELITAL,4899,"SERVICIOS DE TELEVISIÓN POR CABLE, SATÉLITE Y TRANSMISIÓN DE PAGO"
492190,OTRAS ACTIVIDADES DE TRANSPORTE URBANO Y SUBURBANO DE PASAJEROS POR VÍA TERRESTRE N.C.P.,4789,SERVICIOS DE TRANSPORTE (NO CLASIFICADOS EN OTRA PARTE)
492210,SERVICIOS DE TRANSPORTE DE ESCOLARES,4789,SERVICIOS DE TRANSPORTE (NO CLASIFICADOS EN OTRA PARTE)
492220,SERVICIOS DE TRANSPORTE DE TRABAJADORES,4789,SERVICIOS DE TRANSPORTE (NO CLASIFICADOS EN OTRA PARTE)
492240,SERVICIOS DE TRANSPORTE A TURISTAS,4789,SERVICIOS DE TRANSPORTE (NO CLASIFICADOS EN OTRA PARTE)
492290,OTRAS ACTIVIDADES DE TRANSPORTE DE PASAJEROS POR VÍA TERRESTRE N.C.P.,4789,SERVICIOS DE TRANSPORTE (NO CLASIFICADOS EN OTRA PARTE)
522110,EXPLOTACIÓN DE TERMINALES TERRESTRES DE PASAJEROS,4789,SERVICIOS DE TRANSPORTE (NO CLASIFICADOS EN OTRA PARTE)
522190,ACTIVIDADES DE SERVICIOS VINCULADAS AL TRANSPORTE TERRESTRE N.C.P.,4789,SERVICIOS DE TRANSPORTE (NO CLASIFICADOS EN OTRA PARTE)
531000,ACTIVIDADES POSTALES,4789,SERVICIOS DE TRANSPORTE (NO CLASIFICADOS EN OTRA PARTE)
532000,ACTIVIDADES DE MENSAJERÍA,4789,SERVICIOS DE TRANSPORTE (NO CLASIFICADOS EN OTRA PARTE)
960310,SERVICIOS FUNERARIOS,7261,SERVICIOS FUNERARIOS Y CREMATORIOS
841100,ACTIVIDADES DE LA ADMINISTRACIÓN PÚBLICA EN GENERAL,9399,SERVICIOS GUBERNAMENTALES (NO CLASIFICADOS EN OTRA PARTE)
841200,"REGULACIÓN DE LAS ACTIVIDADES DE ORGANISMOS QUE PRESTAN SERVICIOS SANITARIOS, EDUCATIVOS, CULTURALES",9399,SERVICIOS GUBERNAMENTALES (NO CLASIFICADOS EN OTRA PARTE)
841300,REGULACIÓN Y FACILITACIÓN DE LA ACTIVIDAD ECONÓMICA,9399,SERVICIOS GUBERNAMENTALES (NO CLASIFICADOS EN OTRA PARTE)
842100,RELACIONES EXTERIORES,9399,SERVICIOS GUBERNAMENTALES (NO CLASIFICADOS EN OTRA PARTE)
842200,ACTIVIDADES DE DEFENSA,9399,SERVICIOS GUBERNAMENTALES (NO CLASIFICADOS EN OTRA PARTE)
842300,ACTIVIDADES DE MANTENIMIENTO DEL ORDEN PÚBLICO Y DE SEGURIDAD,9399,SERVICIOS GUBERNAMENTALES (NO CLASIFICADOS EN OTRA PARTE)
843090,OTROS PLANES DE SEGURIDAD SOCIAL DE AFILIACIÓN OBLIGATORIA N.C.P.,9399,SERVICIOS GUBERNAMENTALES (NO CLASIFICADOS EN OTRA PARTE)
691001,SERVICIOS DE ASESORAMIENTO Y REPRESENTACIÓN JURÍDICA,8111,SERVICIOS LEGALES Y ABOGADOS
691002,SERVICIO NOTARIAL,8111,SERVICIOS LEGALES Y ABOGADOS
691003,CONSERVADOR DE BIENES RAÍCES,8111,SERVICIOS LEGALES Y ABOGADOS
691004,RECEPTORES JUDICIALES,8111,SERVICIOS LEGALES Y ABOGADOS
691009,SERVICIOS DE ARBITRAJE; SÍNDICOS DE QUIEBRA Y PERITOS JUDICIALES; OTRAS ACTIVIDADES JURÍDICAS N.C.P.,8111,SERVICIOS LEGALES Y ABOGADOS
862031,SERVICIOS DE MÉDICOS PRESTADOS DE FORMA INDEPENDIENTE,8099,SERVICIOS MÉDICOS Y PROFESIONALES DE LA SALUD (NO CLASIFICADOS EN OTRA PARTE)
869091,OTROS SERVICIOS DE ATENCIÓN DE LA SALUD HUMANA PRESTADOS POR EMPRESAS,8099,SERVICIOS MÉDICOS Y PROFESIONALES DE LA SALUD (NO CLASIFICADOS EN OTRA PARTE)
869092,SERVICIOS PRESTADOS DE FORMA INDEPENDIENTE POR OTROS PROFESIONALES DE LA SALUD,8099,SERVICIOS MÉDICOS Y PROFESIONALES DE LA SALUD (NO CLASIFICADOS EN OTRA PARTE)
879000,OTRAS ACTIVIDADES DE ATENCIÓN EN INSTITUCIONES,8099,SERVICIOS MÉDICOS Y PROFESIONALES DE LA SALUD (NO CLASIFICADOS EN OTRA PARTE)
91002,ACTIVIDADES DE APOYO PARA LA EXTRACCIÓN DE PETRÓLEO Y GAS NATURAL PRESTADOS POR PROFESIONALES,8999,SERVICIOS PROFESIONALES (NO CLASIFICADOS EN OTRA PARTE)
99002,ACTIVIDADES DE APOYO PARA LA EXPLOTACIÓN DE OTRAS MINAS Y CANTERAS PRESTADOS POR PROFESIONALES,8999,SERVICIOS PROFESIONALES (NO CLASIFICADOS EN OTRA PARTE)
522910,AGENCIAS DE ADUANAS,8999,SERVICIOS PROFESIONALES (NO CLASIFICADOS EN OTRA PARTE)
592000,ACTIVIDADES DE GRABACIÓN DE SONIDO Y EDICIÓN DE MÚSICA,8999,SERVICIOS PROFESIONALES (NO CLASIFICADOS EN OTRA PARTE)
661209,OTROS SERVICIOS DE CORRETAJE DE VALORES Y COMMODITIES N.C.P.,8999,SERVICIOS PROFESIONALES (NO CLASIFICADOS EN OTRA PARTE)
721000,INVESTIGACIONES Y DESARROLLO EXPERIMENTAL EN EL CAMPO DE LAS CIENCIAS NATURALES Y LA INGENIERÍA,8999,SERVICIOS PROFESIONALES (NO CLASIFICADOS EN OTRA PARTE)
722000,INVESTIGACIONES Y DESARROLLO EXPERIMENTAL EN EL CAMPO DE LAS CIENCIAS SOCIALES Y LAS HUMANIDADES,8999,SERVICIOS PROFESIONALES (NO CLASIFICADOS EN OTRA PARTE)
741002,ACTIVIDADES DE DISEÑO Y DECORACIÓN DE INTERIORES,8999,SERVICIOS PROFESIONALES (NO CLASIFICADOS EN OTRA PARTE)
741009,OTRAS ACTIVIDADES ESPECIALIZADAS DE DISEÑO N.C.P.,8999,SERVICIOS PROFESIONALES (NO CLASIFICADOS EN OTRA PARTE)
749002,SERVICIOS DE TRADUCCIÓN E INTERPRETACIÓN PRESTADOS POR EMPRESAS,8999,SERVICIOS PROFESIONALES (NO CLASIFICADOS EN OTRA PARTE)
749003,SERVICIOS PERSONALES DE TRADUCCIÓN E INTERPRETACIÓN,8999,SERVICIOS PROFESIONALES (NO CLASIFICADOS EN OTRA PARTE)
749004,"ACTIVIDADES DE AGENCIAS Y AGENTES DE REPRESENTACIÓN DE ACTORES, DEPORTISTAS Y OTRAS FIGURAS PÚBLICAS",8999,SERVICIOS PROFESIONALES (NO CLASIFICADOS EN OTRA PARTE)
749009,"OTRAS ACTIVIDADES PROFESIONALES, CIENTÍFICAS Y TÉCNICAS N.C.P.",8999,SERVICIOS PROFESIONALES (NO CLASIFICADOS EN OTRA PARTE)
829900,OTRAS ACTIVIDADES DE SERVICIOS DE APOYO A LAS EMPRESAS N.C.P.,8999,SERVICIOS PROFESIONALES (NO CLASIFICADOS EN OTRA PARTE)
900004,SERVICIOS PRESTADOS POR PERIODISTAS INDEPENDIENTES,8999,SERVICIOS PROFESIONALES (NO CLASIFICADOS EN OTRA PARTE)
731001,SERVICIOS DE PUBLICIDAD PRESTADOS POR EMPRESAS,7311,SERVICIOS PUBLICITARIOS
731002,SERVICIOS DE PUBLICIDAD PRESTADOS POR PROFESIONALES,7311,SERVICIOS PUBLICITARIOS
750001,ACTIVIDADES DE CLÍNICAS VETERINARIAS,742,SERVICIOS VETERINARIOS
750002,"ACTIVIDADES DE VETERINARIOS, TÉCNICOS Y OTRO PERSONAL AUXILIAR, PRESTADOS DE FORMA INDEPENDIENTE",742,SERVICIOS VETERINARIOS
960200,PELUQUERÍA Y OTROS TRATAMIENTOS DE BELLEZA,7298,SPAS DE SALUD Y BELLEZA
139400,"FABRICACIÓN DE CUERDAS, CORDELES, BRAMANTES Y REDES",5085,SUMINISTROS INDUSTRIALES (NO CLASIFICADOS EN OTRA PARTE)
162100,FABRICACIÓN DE HOJAS DE MADERA PARA ENCHAPADO Y TABLEROS A BASE DE MADERA,5085,SUMINISTROS INDUSTRIALES (NO CLASIFICADOS EN OTRA PARTE)
162200,FABRICACIÓN DE PARTES Y PIEZAS DE CARPINTERÍA PARA EDIFICIOS Y CONSTRUCCIONES,5085,SUMINISTROS INDUSTRIALES (NO CLASIFICADOS EN OTRA PARTE)
170110,FABRICACIÓN DE CELULOSA Y OTRAS PASTAS DE MADERA,5085,SUMINISTROS INDUSTRIALES (NO CLASIFICADOS EN OTRA PARTE)
170190,FABRICACIÓN DE PAPEL Y CARTÓN PARA SU POSTERIOR USO INDUSTRIAL N.C.P.,5085,SUMINISTROS INDUSTRIALES (NO CLASIFICADOS EN OTRA PARTE)
170200,FABRICACIÓN DE PAPEL Y CARTÓN ONDULADO Y DE ENVASES DE PAPEL Y CARTÓN,5085,SUMINISTROS INDUSTRIALES (NO CLASIFICADOS EN OTRA PARTE)
170900,FABRICACIÓN DE OTROS ARTÍCULOS DE PAPEL Y CARTÓN,5085,SUMINISTROS INDUSTRIALES (NO CLASIFICADOS EN OTRA PARTE)
201200,FABRICACIÓN DE ABONOS Y COMPUESTOS DE NITRÓGENO,5085,SUMINISTROS INDUSTRIALES (NO CLASIFICADOS EN OTRA PARTE)
201300,FABRICACIÓN DE PLÁSTICOS Y CAUCHO SINTÉTICO EN FORMAS PRIMARIAS,5085,SUMINISTROS INDUSTRIALES (NO CLASIFICADOS EN OTRA PARTE)
271000,"FABRICACIÓN DE MOTORES, GENERADORES Y TRANSFORMADORES ELÉCTRICOS, APARATOS DE DISTRIBUCIÓN Y CONTROL",5085,SUMINISTROS INDUSTRIALES (NO CLASIFICADOS EN OTRA PARTE)
273200,FABRICACIÓN DE OTROS HILOS Y CABLES ELÉCTRICOS,5085,SUMINISTROS INDUSTRIALES (NO CLASIFICADOS EN OTRA PARTE)
273300,FABRICACIÓN DE DISPOSITIVOS DE CABLEADO,5085,SUMINISTROS INDUSTRIALES (NO CLASIFICADOS EN OTRA PARTE)
281100,"FABRICACIÓN DE MOTORES Y TURBINAS, EXCEPTO PARA AERONAVES, VEHÍCULOS AUTOMOTORES Y MOTOCICLETAS",5085,SUMINISTROS INDUSTRIALES (NO CLASIFICADOS EN OTRA PARTE)
281200,FABRICACIÓN DE EQUIPO DE PROPULSIÓN DE FLUIDOS,5085,SUMINISTROS INDUSTRIALES (NO CLASIFICADOS EN OTRA PARTE)
281300,"FABRICACIÓN DE OTRAS BOMBAS, COMPRESORES, GRIFOS Y VÁLVULAS",5085,SUMINISTROS INDUSTRIALES (NO CLASIFICADOS EN OTRA PARTE)
281400,"FABRICACIÓN DE COJINETES, ENGRANAJES, TRENES DE ENGRANAJES Y PIEZAS DE TRANSMISIÓN",5085,SUMINISTROS INDUSTRIALES (NO CLASIFICADOS EN OTRA PARTE)
293000,"FABRICACIÓN DE PARTES, PIEZAS Y ACCESORIOS PARA VEHÍCULOS AUTOMOTORES",5085,SUMINISTROS INDUSTRIALES (NO CLASIFICADOS EN OTRA PARTE)
329000,OTRAS INDUSTRIAS MANUFACTURERAS N.C.P.,5085,SUMINISTROS INDUSTRIALES (NO CLASIFICADOS EN OTRA PARTE)
465300,"VENTA AL POR MAYOR DE MAQUINARIA, EQUIPO Y MATERIALES AGROPECUARIOS",5085,SUMINISTROS INDUSTRIALES (NO CLASIFICADOS EN OTRA PARTE)
465901,"VENTA AL POR MAYOR DE MAQUINARIA METALÚRGICA, PARA LA MINERÍA, EXTRACCIÓN DE PETRÓLEO Y CONSTRUCCIÓN",5085,SUMINISTROS INDUSTRIALES (NO CLASIFICADOS EN OTRA PARTE)
465902,"VENTA AL POR MAYOR DE MAQUINARIA PARA LA ELABORACIÓN DE ALIMENTOS, BEBIDAS Y TABACO",5085,SUMINISTROS INDUSTRIALES (NO CLASIFICADOS EN OTRA PARTE)
465903,"VENTA AL POR MAYOR DE MAQUINARIA PARA LA INDUSTRIA TEXTIL, DEL CUERO Y DEL CALZADO",5085,SUMINISTROS INDUSTRIALES (NO CLASIFICADOS EN OTRA PARTE)
466301,VENTA AL POR MAYOR DE MADERA EN BRUTO Y PRODUCTOS PRIMARIOS DE LA ELABORACIÓN DE MADERA,5085,SUMINISTROS INDUSTRIALES (NO CLASIFICADOS EN OTRA PARTE)
475909,"VENTA AL POR MENOR DE APARATOS ELÉCTRICOS, TEXTILES PARA EL HOGAR Y OTROS ENSERES DOMÉSTICOS N.C.P.",5200,SUMINISTROS PARA EL HOGAR
13000,CULTIVO DE PLANTAS VIVAS INCLUIDA LA PRODUCCIÓN EN VIVEROS (EXCEPTO VIVEROS FORESTALES),5193,SUMINISTROS PARA FLORERÍAS
472300,VENTA AL POR MENOR DE TABACO Y PRODUCTOS DE TABACO EN COMERCIOS ESPECIALIZADOS,5993,TABAQUERIAS
331309,REPARACIÓN DE OTROS EQUIPOS ELECTRÓNICOS Y ÓPTICOS N.C.P.,7622,TALLERES DE REPARACIONES ELECTRÓNICAS
331400,REPARACIÓN DE EQUIPO ELÉCTRICO (EXCEPTO REPARACIÓN DE EQUIPO Y ENSERES DOMÉSTICOS),7622,TALLERES DE REPARACIONES ELECTRÓNICAS
951200,REPARACIÓN DE EQUIPO DE COMUNICACIONES (INCLUYE LA REPARACIÓN TELÉFONOS CELULARES),7622,TALLERES DE REPARACIONES ELECTRÓNICAS
952100,REPARACIÓN DE APARATOS ELECTRÓNICOS DE CONSUMO (INCLUYE APARATOS DE TELEVISIÓN Y RADIO),7622,TALLERES DE REPARACIONES ELECTRÓNICAS
952300,REPARACIÓN DE CALZADO Y DE ARTÍCULOS DE CUERO,7251,"TALLERES DE REPARACIÓN DE CALZADO, LUSTRABOTAS, LIMPIEZA DE SOMBREROS"
452002,MANTENIMIENTO Y REPARACIÓN DE VEHÍCULOS AUTOMOTORES,7531,TALLERES DE REPARACIÓN DE CARROCERÍAS AUTOMOTRICES
952200,"REPARACIÓN DE APARATOS DE USO DOMÉSTICO, EQUIPO DOMÉSTICO Y DE JARDINERÍA",7629,TALLERES DE REPARACIÓN DE ELECTRODOMÉSTICOS
331201,REPARACIÓN DE MAQUINARIA AGROPECUARIA Y FORESTAL,7699,TALLERES DE REPARACIÓN MISCELÁNEOS Y SERVICIOS RELACIONADOS
331202,"REPARACIÓN DE MAQUINARIA METALÚRGICA, PARA LA MINERÍA, EXTRACCIÓN DE PETRÓLEO Y PARA LA CONSTRUCCIÓN",7699,TALLERES DE REPARACIÓN MISCELÁNEOS Y SERVICIOS RELACIONADOS
331203,"REPARACIÓN DE MAQUINARIA PARA LA ELABORACIÓN DE ALIMENTOS, BEBIDAS Y TABACO",7699,TALLERES DE REPARACIÓN MISCELÁNEOS Y SERVICIOS RELACIONADOS
331204,"REPARACIÓN DE MAQUINARIA PARA PRODUCIR TEXTILES, PRENDAS DE VESTIR, ARTÍCULOS DE CUERO Y CALZADO  ",7699,TALLERES DE REPARACIÓN MISCELÁNEOS Y SERVICIOS RELACIONADOS
331209,REPARACIÓN DE OTRO TIPO DE MAQUINARIA Y EQUIPOS INDUSTRIALES N.C.P.,7699,TALLERES DE REPARACIÓN MISCELÁNEOS Y SERVICIOS RELACIONADOS
331301,"REPARACIÓN DE EQUIPO DE MEDICIÓN, PRUEBA, NAVEGACIÓN Y CONTROL",7699,TALLERES DE REPARACIÓN MISCELÁNEOS Y SERVICIOS RELACIONADOS
331501,"REPARACIÓN DE BUQUES, EMBARCACIONES MENORES Y ESTRUCTURAS FLOTANTES",7699,TALLERES DE REPARACIÓN MISCELÁNEOS Y SERVICIOS RELACIONADOS
331502,REPARACIÓN DE AERONAVES Y NAVES ESPACIALES,7699,TALLERES DE REPARACIÓN MISCELÁNEOS Y SERVICIOS RELACIONADOS
331509,"REPARACIÓN DE OTROS EQUIPOS DE TRANSPORTE N.C.P., EXCEPTO VEHÍCULOS AUTOMOTORES",7699,TALLERES DE REPARACIÓN MISCELÁNEOS Y SERVICIOS RELACIONADOS
331900,REPARACIÓN DE OTROS TIPOS DE EQUIPO,7699,TALLERES DE REPARACIÓN MISCELÁNEOS Y SERVICIOS RELACIONADOS
952900,REPARACIÓN DE OTROS EFECTOS PERSONALES Y ENSERES DOMÉSTICOS,7699,TALLERES DE REPARACIÓN MISCELÁNEOS Y SERVICIOS RELACIONADOS
492130,TRANSPORTE DE PASAJEROS VÍA TAXI COLECTIVO,4121,TAXIS Y LIMUSINAS
492230,SERVICIOS DE TRANSPORTE DE PASAJEROS EN TAXIS LIBRES Y RADIOTAXIS,4121,TAXIS Y LIMUSINAS
799000,"OTROS SERVICIOS DE RESERVAS Y ACTIVIDADES CONEXAS (INCLUYE VENTA DE ENTRADAS PARA TEATRO, Y OTROS)",7922,TICKETERAS
551009,OTRAS ACTIVIDADES DE ALOJAMIENTO PARA TURISTAS N.C.P.,7012,TIEMPO COMPARTIDO
559009,OTRAS ACTIVIDADES DE ALOJAMIENTO N.C.P.,7012,TIEMPO COMPARTIDO
472200,VENTA AL POR MENOR DE BEBIDAS ALCOHÓLICAS Y NO ALCOHÓLICAS EN COMERCIOS ESPECIALIZADOS (BOTILLERÍAS),5921,"TIENDA DE VINOS, CERVEZAS O LICORES"
471100,"VENTA AL POR MENOR EN COMERCIOS DE ALIMENTOS, BEBIDAS O TABACO (SUPERMERCADOS E HIPERMERCADOS)",5411,TIENDAS DE ABARROTES Y SUPERMERCADOS
477102,VENTA AL POR MENOR DE PRENDAS Y ACCESORIOS DE VESTIR EN COMERCIOS ESPECIALIZADOS,5631,TIENDAS DE ACCESORIOS PARA LA MUJER
331100,REPARACIÓN DE PRODUCTOS ELABORADOS DE METAL,5932,"TIENDAS DE ANTIGÜEDADES: VENTA, REPARACIÓN Y RESTAURACIÓN"
477401,VENTA AL POR MENOR DE ANTIGÜEDADES EN COMERCIOS,5932,"TIENDAS DE ANTIGÜEDADES: VENTA, REPARACIÓN Y RESTAURACIÓN"
476301,VENTA AL POR MENOR DE ARTÍCULOS DE CAZA Y PESCA EN COMERCIOS ESPECIALIZADOS,5941,TIENDAS DE ARTÍCULOS DEPORTIVOS
476309,VENTA AL POR MENOR DE OTROS ARTÍCULOS Y EQUIPOS DE DEPORTE N.C.P.,5941,TIENDAS DE ARTÍCULOS DEPORTIVOS
477392,VENTA AL POR MENOR DE ARMAS Y MUNICIONES EN COMERCIOS ESPECIALIZADOS,5941,TIENDAS DE ARTÍCULOS DEPORTIVOS
772100,ALQUILER Y ARRENDAMIENTO DE EQUIPO RECREATIVO Y DEPORTIVO,5941,TIENDAS DE ARTÍCULOS DEPORTIVOS
477396,"VENTA AL POR MENOR DE RECUERDOS, ARTESANÍAS Y ARTÍCULOS RELIGIOSOS EN COMERCIOS ESPECIALIZADOS",5973,TIENDAS DE ARTÍCULOS RELIGIOSOS
477402,VENTA AL POR MENOR DE ROPA USADA EN COMERCIOS,5931,TIENDAS DE ARTÍCULOS USADOS
477409,VENTA AL POR MENOR DE OTROS ARTÍCULOS DE SEGUNDA MANO EN COMERCIOS N.C.P.,5931,TIENDAS DE ARTÍCULOS USADOS
476302,VENTA AL POR MENOR DE BICICLETAS Y SUS REPUESTOS EN COMERCIOS ESPECIALIZADOS,5940,TIENDAS DE BICICLETAS: VENTAS Y SERVICIO
477399,VENTA AL POR MENOR DE OTROS PRODUCTOS EN COMERCIOS ESPECIALIZADOS N.C.P.,5998,TIENDAS DE CARPAS Y TOLDOS
463019,"VENTA AL POR MAYOR DE HUEVOS, LÁCTEOS, ABARROTES Y DE OTROS ALIMENTOS N.C.P.",5499,TIENDAS DE CONVENIENCIA
471100,"VENTA AL POR MENOR EN COMERCIOS DE ALIMENTOS, BEBIDAS O TABACO (SUPERMERCADOS E HIPERMERCADOS)",5499,TIENDAS DE CONVENIENCIA
472101,VENTA AL POR MENOR DE ALIMENTOS EN COMERCIOS ESPECIALIZADOS (ALMACENES PEQUEÑOS Y MINIMARKET),5499,TIENDAS DE CONVENIENCIA
472103,VENTA AL POR MENOR EN COMERCIOS ESPECIALIZADOS DE FRUTAS Y VERDURAS (VERDULERÍAS),5499,TIENDAS DE CONVENIENCIA
478100,"VENTA AL POR MENOR DE ALIMENTOS, BEBIDAS Y TABACO EN PUESTOS DE VENTA Y MERCADOS (INCLUYE FERIAS)",5499,TIENDAS DE CONVENIENCIA
475300,"VENTA AL POR MENOR DE TAPICES, ALFOMBRAS Y CUBRIMIENTOS PARA PAREDES Y PISOS",5714,TIENDAS DE CORTINAS Y TAPICERÍA
477203,"VENTA AL POR MENOR DE ARTÍCULOS DE PERFUMERÍA, DE TOCADOR Y COSMÉTICOS EN COMERCIOS ESPECIALIZADOS",5977,TIENDAS DE COSMÉTICOS
475100,"VENTA AL POR MENOR DE TELAS, LANAS, HILOS Y SIMILARES EN COMERCIOS ESPECIALIZADOS",5949,TIENDAS DE COSTURA Y TELAS
742002,SERVICIOS Y ACTIVIDADES DE FOTOGRAFÍA ,5946,TIENDAS DE CÁMARAS Y SUMINISTROS FOTOGRÁFICOS
742003,SERVICIOS PERSONALES DE FOTOGRAFÍA ,5946,TIENDAS DE CÁMARAS Y SUMINISTROS FOTOGRÁFICOS
471990,OTRAS ACTIVIDADES DE VENTA AL POR MENOR EN COMERCIOS NO ESPECIALIZADOS N.C.P.,5310,TIENDAS DE DESCUENTO
476200,VENTA AL POR MENOR DE GRABACIONES DE MÚSICA Y DE VIDEO EN COMERCIOS ESPECIALIZADOS,5735,TIENDAS DE DISCOS
472109,"VENTA AL POR MENOR EN COMERCIOS ESPECIALIZADOS DE HUEVOS, CONFITES Y PRODUCTOS ALIMENTICIOS N.C.P.",5441,"TIENDAS DE DULCES, NUECES Y CONFITERÍA"
475909,"VENTA AL POR MENOR DE APARATOS ELÉCTRICOS, TEXTILES PARA EL HOGAR Y OTROS ENSERES DOMÉSTICOS N.C.P.",5722,TIENDAS DE ELECTRODOMÉSTICOS
474100,"VENTA AL POR MENOR DE COMPUTADORES, EQUIPO PERIFÉRICO, PROGRAMAS INFORMÁTICOS Y EQUIPO DE TELECOM.",5732,TIENDAS DE ELECTRÓNICA
474200,VENTA AL POR MENOR DE EQUIPO DE SONIDO Y DE VIDEO EN COMERCIOS ESPECIALIZADOS,5732,TIENDAS DE ELECTRÓNICA
612090,OTROS SERVICIOS DE TELECOMUNICACIONES INALÁMBRICAS N.C.P.,5732,TIENDAS DE ELECTRÓNICA
477103,"VENTA AL POR MENOR DE CARTERAS, MALETAS Y OTROS ACCESORIOS DE VIAJE EN COMERCIOS ESPECIALIZADOS",5948,TIENDAS DE EQUIPAJE Y ARTÍCULOS DE CUERO
475902,VENTA AL POR MENOR DE INSTRUMENTOS MUSICALES EN COMERCIOS ESPECIALIZADOS,5733,TIENDAS DE INSTRUMENTOS MUSICALES
477391,VENTA AL POR MENOR DE ALIMENTO Y ACCESORIOS PARA MASCOTAS EN COMERCIOS ESPECIALIZADOS,5995,"TIENDAS DE MASCOTAS, ALIMENTOS Y SUMINISTROS"
477398,VENTA AL POR MENOR DE MASCOTAS EN COMERCIOS ESPECIALIZADOS,5995,"TIENDAS DE MASCOTAS, ALIMENTOS Y SUMINISTROS"
960901,"SERVICIOS DE ADIESTRAMIENTO, GUARDERÍA, PELUQUERÍA, PASEO DE MASCOTAS (EXCEPTO ACT. VETERINARIAS)",5995,"TIENDAS DE MASCOTAS, ALIMENTOS Y SUMINISTROS"
475901,VENTA AL POR MENOR DE MUEBLES Y COLCHONES EN COMERCIOS ESPECIALIZADOS,5712,"TIENDAS DE MUEBLES Y EQUIPOS PARA EL HOGAR, EXCEPTO ELECTRODOMÉSTICOS"
453000,"VENTA DE PARTES, PIEZAS Y ACCESORIOS PARA VEHÍCULOS AUTOMOTORES",5532,TIENDAS DE NEUMÁTICOS AUTOMOTRICES
476400,VENTA AL POR MENOR DE JUEGOS Y JUGUETES EN COMERCIOS ESPECIALIZADOS,5945,"TIENDAS DE PASATIEMPOS, JUGUETES Y JUEGOS"
960200,PELUQUERÍA Y OTROS TRATAMIENTOS DE BELLEZA,5698,TIENDAS DE PELUCAS Y BISOÑÉS
477102,VENTA AL POR MENOR DE PRENDAS Y ACCESORIOS DE VESTIR EN COMERCIOS ESPECIALIZADOS,5681,TIENDAS DE PIELES
452002,MANTENIMIENTO Y REPARACIÓN DE VEHÍCULOS AUTOMOTORES,7535,TIENDAS DE PINTURA AUTOMOTRIZ
476103,VENTA AL POR MENOR DE ARTÍCULOS DE PAPELERÍA Y ESCRITORIO EN COMERCIOS ESPECIALIZADOS,5947,"TIENDAS DE REGALOS, NOVEDADES Y SOUVENIRS"
477396,"VENTA AL POR MENOR DE RECUERDOS, ARTESANÍAS Y ARTÍCULOS RELIGIOSOS EN COMERCIOS ESPECIALIZADOS",5947,"TIENDAS DE REGALOS, NOVEDADES Y SOUVENIRS"
453000,"VENTA DE PARTES, PIEZAS Y ACCESORIOS PARA VEHÍCULOS AUTOMOTORES",5533,TIENDAS DE REPUESTOS Y ACCESORIOS AUTOMOTRICES
475300,"VENTA AL POR MENOR DE TAPICES, ALFOMBRAS Y CUBRIMIENTOS PARA PAREDES Y PISOS",5713,TIENDAS DE REVESTIMIENTO DE PISOS
477102,VENTA AL POR MENOR DE PRENDAS Y ACCESORIOS DE VESTIR EN COMERCIOS ESPECIALIZADOS,5655,TIENDAS DE ROPA DEPORTIVA
477102,VENTA AL POR MENOR DE PRENDAS Y ACCESORIOS DE VESTIR EN COMERCIOS ESPECIALIZADOS,5651,TIENDAS DE ROPA FAMILIAR
477102,VENTA AL POR MENOR DE PRENDAS Y ACCESORIOS DE VESTIR EN COMERCIOS ESPECIALIZADOS,5691,TIENDAS DE ROPA PARA HOMBRES Y MUJERES
477102,VENTA AL POR MENOR DE PRENDAS Y ACCESORIOS DE VESTIR EN COMERCIOS ESPECIALIZADOS,5641,TIENDAS DE ROPA PARA NIÑOS Y BEBÉS
478200,"VENTA AL POR MENOR DE PRODUCTOS TEXTILES, PRENDAS DE VESTIR Y CALZADO EN PUESTOS DE VENTA Y MERCADOS",5699,TIENDAS DE ROPA Y ACCESORIOS
477102,VENTA AL POR MENOR DE PRENDAS Y ACCESORIOS DE VESTIR EN COMERCIOS ESPECIALIZADOS,5611,TIENDAS DE ROPA Y ACCESORIOS PARA HOMBRES Y NIÑOS
452002,MANTENIMIENTO Y REPARACIÓN DE VEHÍCULOS AUTOMOTORES,7538,TIENDAS DE SERVICIO AUTOMOTRIZ (NO CONCESIONARIO)
712001,ACTIVIDADES DE PLANTAS DE REVISIÓN TÉCNICA PARA VEHÍCULOS AUTOMOTORES,7538,TIENDAS DE SERVICIO AUTOMOTRIZ (NO CONCESIONARIO)
474100,"VENTA AL POR MENOR DE COMPUTADORES, EQUIPO PERIFÉRICO, PROGRAMAS INFORMÁTICOS Y EQUIPO DE TELECOM.",5734,TIENDAS DE SOFTWARE PARA COMPUTADORES
477399,VENTA AL POR MENOR DE OTROS PRODUCTOS EN COMERCIOS ESPECIALIZADOS N.C.P.,5331,TIENDAS DE VARIEDADES
475202,"VENTA AL POR MENOR DE PINTURAS, BARNICES Y LACAS EN COMERCIOS ESPECIALIZADOS",5231,"TIENDAS DE VIDRIO, PINTURA Y PAPEL MURAL"
475203,VENTA AL POR MENOR DE PRODUCTOS DE VIDRIO EN COMERCIOS ESPECIALIZADOS,5231,"TIENDAS DE VIDRIO, PINTURA Y PAPEL MURAL"
310009,FABRICACIÓN DE COLCHONES; FABRICACIÓN DE OTROS MUEBLES N.C.P.,5719,TIENDAS ESPECIALIZADAS DE MUEBLES PARA EL HOGAR
475901,VENTA AL POR MENOR DE MUEBLES Y COLCHONES EN COMERCIOS ESPECIALIZADOS,5719,TIENDAS ESPECIALIZADAS DE MUEBLES PARA EL HOGAR
477399,VENTA AL POR MENOR DE OTROS PRODUCTOS EN COMERCIOS ESPECIALIZADOS N.C.P.,5309,TIENDAS LIBRES DE IMPUESTOS
477102,VENTA AL POR MENOR DE PRENDAS Y ACCESORIOS DE VESTIR EN COMERCIOS ESPECIALIZADOS,5621,TIENDAS LISTAS PARA USAR PARA MUJERES
477399,VENTA AL POR MENOR DE OTROS PRODUCTOS EN COMERCIOS ESPECIALIZADOS N.C.P.,5999,TIENDAS MINORISTAS DIVERSAS Y ESPECIALIZADAS
479100,"VENTA AL POR MENOR POR CORREO, POR INTERNET Y VÍA TELEFÓNICA",5999,TIENDAS MINORISTAS DIVERSAS Y ESPECIALIZADAS
479901,VENTA AL POR MENOR REALIZADA POR INDEPENDIENTES EN LA LOCOMOCIÓN COLECTIVA (LEY 20.388),5999,TIENDAS MINORISTAS DIVERSAS Y ESPECIALIZADAS
479903,VENTA AL POR MENOR POR COMISIONISTAS (NO DEPENDIENTES DE COMERCIOS),5999,TIENDAS MINORISTAS DIVERSAS Y ESPECIALIZADAS
822000,ACTIVIDADES DE CALL-CENTER,5999,TIENDAS MINORISTAS DIVERSAS Y ESPECIALIZADAS
477396,"VENTA AL POR MENOR DE RECUERDOS, ARTESANÍAS Y ARTÍCULOS RELIGIOSOS EN COMERCIOS ESPECIALIZADOS",5970,TIENDAS Y SUMINISTROS DE ARTESANÍA
960100,"LAVADO Y LIMPIEZA, INCLUIDA LA LIMPIEZA EN SECO, DE PRODUCTOS TEXTILES Y DE PIEL",7216,TINTORERÍAS
522910,AGENCIAS DE ADUANAS,4829,TRANSFERENCIA DE DINERO
641990,OTROS TIPOS DE INTERMEDIACIÓN MONETARIA N.C.P.,4829,TRANSFERENCIA DE DINERO
501100,TRANSPORTE DE PASAJEROS MARÍTIMO Y DE CABOTAJE,4111,"TRANSPORTE LOCAL Y SUBURBANO DE PASAJEROS, INCLUIDOS FERRIES"
501200,TRANSPORTE DE CARGA MARÍTIMO Y DE CABOTAJE,4111,"TRANSPORTE LOCAL Y SUBURBANO DE PASAJEROS, INCLUIDOS FERRIES"
502100,TRANSPORTE DE PASAJEROS POR VÍAS DE NAVEGACIÓN INTERIORES,4111,"TRANSPORTE LOCAL Y SUBURBANO DE PASAJEROS, INCLUIDOS FERRIES"
502200,TRANSPORTE DE CARGA POR VÍAS DE NAVEGACIÓN INTERIORES,4111,"TRANSPORTE LOCAL Y SUBURBANO DE PASAJEROS, INCLUIDOS FERRIES"
477102,VENTA AL POR MENOR DE PRENDAS Y ACCESORIOS DE VESTIR EN COMERCIOS ESPECIALIZADOS,5137,UNIFORMES Y ROPA COMERCIAL
853110,ENSEÑANZA SUPERIOR EN UNIVERSIDADES PÚBLICAS,8220,UNIVERSIDADES E INTITUTOS PROFESIONALES
853120,ENSEÑANZA SUPERIOR EN UNIVERSIDADES PRIVADAS,8220,UNIVERSIDADES E INTITUTOS PROFESIONALES
853201,ENSEÑANZA SUPERIOR EN INSTITUTOS PROFESIONALES,8220,UNIVERSIDADES E INTITUTOS PROFESIONALES
853202,ENSEÑANZA SUPERIOR EN CENTROS DE FORMACIÓN TÉCNICA,8220,UNIVERSIDADES E INTITUTOS PROFESIONALES
352010,REGASIFICACIÓN DE GAS NATURAL LICUADO (GNL),5983,"VENTA DE MADERA, CARBÓN Y OTROS COMBUSTIBLES DE USO DOMÉSTICO"
477310,VENTA AL POR MENOR DE GAS LICUADO EN BOMBONAS (CILINDROS) EN COMERCIOS ESPECIALIZADOS,5983,"VENTA DE MADERA, CARBÓN Y OTROS COMBUSTIBLES DE USO DOMÉSTICO"
477395,"VENTA AL POR MENOR DE CARBÓN, LEÑA Y OTROS COMBUSTIBLES DE USO DOMÉSTICO EN COMERCIOS ESPECIALIZADOS",5983,"VENTA DE MADERA, CARBÓN Y OTROS COMBUSTIBLES DE USO DOMÉSTICO"
202200,"FABRICACIÓN DE PINTURAS, BARNICES Y PRODUCTOS DE REVESTIMIENTO, TINTAS DE IMPRENTA Y MASILLAS",5198,VENTA DE PINTURAS Y BARNICES
479909,"OTRAS ACTIVIDADES DE VENTA POR MENOR NO REALIZADAS EN COMERCIOS, PUESTOS DE VENTA O MERCADOS N.C.P.",5963,VENTA PUERTA A PUERTA
651100,SEGUROS DE VIDA,6300,VENTAS DE SEGUROS
651210,"SEGUROS GENERALES, EXCEPTO ACTIVIDADES DE ISAPRES",6300,VENTAS DE SEGUROS
651220,ACTIVIDADES DE ISAPRES,6300,VENTAS DE SEGUROS
652000,REASEGUROS,6300,VENTAS DE SEGUROS
661201,ACTIVIDADES DE SECURITIZADORAS,6300,VENTAS DE SEGUROS
662200,ACTIVIDADES DE AGENTES Y CORREDORES DE SEGUROS,6300,VENTAS DE SEGUROS
843010,FONDO NACIONAL DE SALUD (FONASA) ,6300,VENTAS DE SEGUROS
451001,VENTA AL POR MAYOR DE VEHÍCULOS AUTOMOTORES,5511,"VENTAS, SERVICIO, REPARACIONES, REPUESTOS Y ARRENDAMIENTO DE AUTOMÓVILES Y CAMIONES (NUEVOS Y USADOS)"
451002,VENTA AL POR MENOR DE VEHÍCULOS AUTOMOTORES NUEVOS O USADOS (INCLUYE COMPRAVENTA),5511,"VENTAS, SERVICIO, REPARACIONES, REPUESTOS Y ARRENDAMIENTO DE AUTOMÓVILES Y CAMIONES (NUEVOS Y USADOS)"
453000,"VENTA DE PARTES, PIEZAS Y ACCESORIOS PARA VEHÍCULOS AUTOMOTORES",5511,"VENTAS, SERVICIO, REPARACIONES, REPUESTOS Y ARRENDAMIENTO DE AUTOMÓVILES Y CAMIONES (NUEVOS Y USADOS)"
452002,MANTENIMIENTO Y REPARACIÓN DE VEHÍCULOS AUTOMOTORES,7534,VULCANIZADORAS
477101,VENTA AL POR MENOR DE CALZADO EN COMERCIOS ESPECIALIZADOS,5661,ZAPATERIAS
477393,VENTA AL POR MENOR DE ARTÍCULOS ÓPTICOS EN COMERCIOS ESPECIALIZADOS,8043,"ÓPTICOS, PRODUCTOS ÓPTICOS Y ANTEOJOS"
